MSA #,Tablet Info #
2007174,3fca080e-9253
0660863,aid-jp6-82c922d7-1532
2002625,aid-jp6-cae90155-3456
2013345,aid-jp6-2d00ea57-3575
2009775,aid-jp6-8f825a72
0650278,aid-jp6-b531d2f6-2990
0049264,aid-jp6-d123b1b8-1315
2013969,aid-jp6-e5c3022d-9989
2008450,aid-jp6-4f871b8c-0010
0710560,aid-jp6-259145b1-2746
0709125,aid-jp6-e7a17c1e-9824
2012481,8aeb89b8-1544
2013909,aid-jp6-a75dfa0a-8164
2014161,5f5cc926
2013268,aid-jp6-1a2e2f3c-7199
0713628,aid-jp6-46300395-9497
0714404,aid-jp6-aee5333f
2012849,aid-jp6-4b33d34f-6026
2010278,170c231b-1414
0023026,aid-jp6-0d637de4-1984
2011604,81d77961-1885
0018218,5d9e367c
2014050,aid-jp6-e80dd98d
2012509,aid-jp6-9540a0f5-9022
0701209,aid-jp6-6c15c026-5771
2012643,e29fa8b4
2013872,aid-jp6-4dbbca52-5154
0703066,aid-jp6-2454badf-3693
2010211,aid-jp6-43d4647d
0051676,aid-jp6-4dbbca52-5154
2010642,f54092ce
0052130,aid-jp6-3b9eb340-1942
2009188,657c4e89-9617
0682644,15f516f1-0909
0677734,aid-jp6-8d1dedf4
0036356,aid-jp6-13233e4f
2002514,aid-jp6-42939c7e-3033
2010604,aid-jp6-870b1609-1247
2010089,aid-jp6-a862e524
2014023,aid-jp6-c7899592-1805
2013018,aid-jp6-54c386cb-8231
0682136,6f6a1dde
2009270,aid-jp6-7c40c2d0
2014172,7500b2bd
0699372,e5c0c278
0046081,aid-jp6-48c4dd71-0222
2012708,aid-jp6-ef9eb01b-1481
2013519,aid-jp6-f7aa495e
2006637,aid-jp6-d76d6b90-1416
0700982,aid-jp6-51ea6da2-8927
2014043,aid-jp6-1211e11a
0707818,5cdaf743
2013977,aid-jp6-c6058fc1
2009886,aid-jp6-685e9b2a-0847
2013700,aid-jp6-f3bbac9b-7279
2007531,445c4e4b-1929
2013970,aid-jp6-4b310c12-1513
2013420,aid-jp6-a51f140f-3732
0047128,aid-jp6-e605fa46-3406
0663490,c559a772-2986
2013987,80a78768-2681
0051743,aid-jp6-67ff361d-7918
2007797,aid-jp6-c00dde75-8256
0700602,4e67667e
2012675,aid-jp6-250f187e-7637
2012281,aid-jp6-fa6e9738-3799
2008041,aid-jp6-cd4c93e1-5507
2012606,aid-jp6-22670511
0649080,7fac9b3b-9744
2014093,aid-jp6-9db8a070-4327
2013705,aid-jp6-ca55d6b7-6715
2013951,aid-jp6-846a8985-0320
2012474,b3adedbe-7032
2013915,aid-jp6-6264c26b-2607
0694505,aid-jp6-bac24f66-3037
2008588,d7873051-3074
0694552,aid-jp6-c999dacb-4769
2002061,a019f525
0705604,ddbeeae2
2009766,55c2bce9
2013056,6687c0ea-4549
2012247,aid-jp6-8f017a4e-1929
0661914,aid-jp6-731b7a39-8619
2011044,aid-jp6-c1ab8b5d-5003
2013856,aid-jp6-c8d316aa-3464
2010019,30aa0659
2005052,aid-jp6-ddf9d2bb
2014177,82bf5f10
0699795,aid-jp6-90e04e6b-7949
2007671,FE3E
0053841,b1b4d7f9
2004535,ab6dfb5c
2013473,d7cd7c8d
0660387,aid-jp6-8df339648-6914
0712875,aid-jp6-0ee2ffeb-3443
2013864,aid-jp6-2e49a24c-0713
2013749,aid-jp6-37336b34-5177
2011195,aid-jp6-a92b58ad-6331
2013540,aid-jp6-f86e7157-0610
0695407,9e5208e6
0705273,b48844ce
0700360,b112f74b
0684259,aid-jp6-903f46f5-0868
2013178,aid-jp6-40d74eba
2006443,f84c8b1c
2008938,aid-jp6-90789d6b-7210
2013760,aid-jp6-0ce3cc53-2793
0030159,dffdf101
2012823,bcf637b3
2013842,aid-jp6-93e4c90a-1633
2013240,aid-jp6-f4d66ab1
2014114,aid-jp6-76b63a60-3261
2006927,8d35db97-3850
0713266,f9f77401
2014092,aid-jp6-73c257e4
2013866,aid-jp6-e472cccf-4257
2013867,aid-jp6-07b5aef1-9758
0701452,aid-jp6-ea811912-3145
0016598,aid-jp6-4f871b8c
2003331,62c3ec90
0701869,aid-jp6-f7e6a40a-9066
0653727,aid-jp6-c37d68da-9755
2014171,eb3275dd
2013688,aid-jp6-2be2ed94
2014188,18a8f6be
2013735,aid-jp6-cea31033-9448
2012618,d18a/8750
2003604,3f621015
2012991,aid-jp6-c3fe0aa1-5558
2012500,8a31c65e-0741
2012068,14724df0-6414
0648814,aid-jp6-5c601484-8808
2011835,c7470b0d
2012656,aid-jp6-ae4aa6f5-8386
0035944,84819378
0051050,MSA0051050
2008866,d4c6dd0b
2014268,5bf8fe7d
0040320,db13dcef
2011063,070299d2
2014076,aid-jp6-1b7760b4-4556
2014183,ad348b83
0707465,df20c0cc
2011503,ebc9cacc-3521
0678368,aid-jp6-675689ff-4487
0709613,aid-jp6-054d9cab
2014067,aid-jp6-e4cc5ff6-0623
2013682,aid-jp6-1d0984f8-8098
0048493,e680b09c-9772
0053269,fb0ddb45-5739
2013805,aid-jp6-909660aa-4738
0697046,510ca599
2014112,aid-jp6-6fb26e58-2809
2014129,ee52bc15
2008772,36658080
2014063,aid-jp6-233e2a47-3370
2012382,aid-jp6-a8988aeb-0016
2012221,aid-jp6-c15ab4fa-7457
2010987,90c4e403
0693295,aid-jp6-450bf9ce-6361
2013673,aid-jp6-6c63f76d-2988
2013736,aid-jp6-ed178f7a-3891
2013074,aid-jp6-6f857e10-0344
0691730,aid-jp6-0088a7d9
2013358,a0eae9f1-6271
2006629,aid-jp6-56914694-9100
2009516,aid-jp6-fbb45eff-0467
0050797,aid-jp6-65e1e49f-9968
0079291,aid-jp6-6c83d11a-9239
2010647,673c214d-6692
2014053,aid-jp6-64ade80a-3153
0711013,aid-jp6-3da5016e-2808
2013591,aid-jp6-40e5bc76-0477
2011721,aid-jp6-1bbd54d9-1611
0705031,5b3c872d
2012953,563dd57a
2012664,c50faabf-6638
2009359,aid-jp6-226d6fd7-1849
2013243,aid-jp6-e149c144-9835
2012926,aid-jp6-a80fb135-2728
2007956,aid-jp6-66243f0e-9108
2013914,aid-jp6-c000b128-7192
2014074,aid-jp6-97dfc24f
2003396,655aa69f-0468
2007833,aid-jp6-efd33ec3-3069
2013910,aid-jp6-c28c3496-2134
2010980,aid-jp6-0d3bede1-0982
2012719,38ac9c81-8654
0683081,23cb7c87
2013148,136704fa-6777
0703174,aid-jp6-52fc9b76-8322
0702726,0ab28739
2011524,38cb043e
0029673,aid-jp6-18465f33-0616
0056258,0219c6d1-6220
2013570,aid-jp6-0f2af102-8143
0672034,0b17370d
0705144,fd2c9d4f
2012698,aid-jp6-fdc942bf-4279
2011339,989b7afc-9400
0683072,aid-jp6-599148a0
0711269,13f260fe
2014128,aid-jp6-eb54e829
2012652,aid-jp6-99dbbb56-4270
2011612,aid-jp6-a6b3b8be-4319
2011462,24324343
2011966,aid-jp6-a165b036
0712664,aid-jp6-a796be32-5995
2010309,aid-jp6-80c0a740-4592
2013973,aid-jp6-5c088623-25412
2014220,b1366ad3
0052308,f17d496e
2014244,530489d4
2005763,0719a138
0034625,3dad7ca1
2014065,aid-jp6-72e727b7-0418
2014056,aid-jp6-b35c06c2-6860
0694796,aid-jp6-9bd4842c-5347
2012836,aid-jp6-4dc5fc22
2002389,2594c155
0680542,e82a3ae3
0669093,aid-jp6-eb383f46-1909
2013968,aid-jp6-bf97b947-1271
0056539,aid-jp6-5a7fbf1d
2012232,07d12798
2013121,aid-jp6-17a7c25e-4892
2009702,7e9f02cc
2006804,aid-jp6-beb64f01
2010358,aid-jp6-458cc841-2058
2013687,aid-jp6-c5ce1d48-9564
0654426,0724103a-4834
2012780,b331b8be-9801
0699482,aid-jp6-686d12e2
2011086,aid-jp6-699ee143
2006936,aid-jp6-8a019572
2014141,799eb89c
2014259,264814ca
0705482,aid-jp6-9190be61-1676
2014205,aid-jp6-c6e8893c
0047203,d123296d-9934
0051589,6a1236a1-7949
2014211,75da21b1
2014255,a69ddbca
0705703,aid-jp6-09d8a7eb-8103
2011757,aid-jp6-bb8fc395
0672310,aid-jp6-e85ab578-4981
2001786,1a323fce
2012255,ec724dfc-0054
2013014,aid-jp6-27bf177e-5632
2014059,aid-jp6-017877f8-9717
2012653,5043364F-6987
0683410,b02a5826
0049884,aid-jp6-9f671f3f-3131
2014144,ba4e7d50
0699268,aid-jp6-c785b0a1-7889
2003205,aid-jp6-6236545e-8662
0684439,56cf7334
0653386,aid-jp6-5ad3dcd8-5850
0701383,aid-jp6-a231f195-2490
2013351,c995e53e-0036
2010709,6698fefb-7258
2012665,aid-jp6-0d019d34-1537
0687714,e890b4b8
0703925,8e2a1408
2001116,aid-jp6-41f00e24-6147
2014138,34f49679
0695965,10755cc4
2014148,b6f0c7b0
2013785,aid-jp6-08bde14a-0517
2010263,aid-jp6-be62262d
0682969,87d5ab76
2014242,3306af43
0709042,e13c05ab
2012711,aid-jp6-5399d028-6701
2011685,aid-jp6-6aa04479-6619
0710919,aid-jp6-102c4310-9347
0023310,9b3bd71d
2013417,aid-jp6-295913a0
0692093,2d45c8d8-5751
0057207,49ef610f
0672158,aid-jp6-91703564-1934
2010848,f72e/4469
0025280,aid-jp6-1f956a49-3164
2005516,aid-jp6-a00d310c-6937
0037875,aid-jp6-97cdc577-3041
2014229,26c0472f
2011936,d7e3caaa
0675700,6c87e494-9634
0703302,aid-jp6-9d27f8ca-3706
0705350,36e6/1756
2012867,a0c9/8624
2010837,89cd161d-3428
2013494,aid-jp6-bca30bfb-3362
2013059,8c1933c9-6462
0702853,aid-jp6-5f50ce6c-5124
0670776,84c0/7986
2001863,80cf11a1
2012483,deb399bd-9841
2012046,a2e382df-0277
2014145,2014145?
2014202,c0aeed4b
2011850,aid-jp6-3b30a398-9757
0684384,aid-jp6-e7565d09
0702479,aid-jp6-e69c1b06-6074
2013547,aid-jp6-e3590fe1-9676
2008078,aid-jp6-afd5e629-1802
0710087,aid-jp6-89de2fec-3397
2013819,aid-jp6-2fbc0b0a
0036822,daf4a912-5377
2009600,aid-jp6-777c4cc9-2695
0047891,aid-jp6-3932f17d-8582
2011103,aid-jp6-d294cbd7
2005971,7740c2ed
0712506,282eb79a
0036365,aid-jp6-5a68a03b-6017
2012672,aid-jp6-76545a5d-7654
0027510,92c93de9
2012957,aid-jp6-5fdcd3d8-7837
2012130,aid-jp6-284bc15f-6969
2010167,aid-jp6-bf5f718b-1412
2004440,aid-jp6-b87fd927-3103
0685689,aid-jp6-dd748afc-0685
2013623,aid-jp6-90efed73-3971
2013598,aid-jp6-a234bec9-3442
2013190,fa90d9e7
2002818,aid-jp6-26499728-9061
2013516,aid-jp6-c56832f9-4519
2012683,238d86e5-1084
2014027,aid-jp6-ed5d860b-9467
2014134,5f556b0b
2013955,aid-jp6-99ca1860
2013060,aid-jp6-fa4997fe
2010929,4d01-8738
2011625,aid-jp6-dce02761
2014032,aid-jp6-93490c85-2574
2014193,aid-jp6-19cd0b31
0704086,aid-jp6-548d7ab5
2012417,58e72c42-2679
2014122,7daffc6a
2010836,98152ab0-5247
2013094,3e45e025-9063
2003228,aid-jp6-d94fd28f-5524
0711129,aid-jp6-87cd83b4
2012038,8427ca43-2708
0703640,365aca3f
2010118,32725c23
2014003,aid-jp6-41e197d6-0177
0710850,314d34e5
2012376,aid-jp6-d70b60db-1609
2009861,c8a080b5
2006942,aid-jp6-782c6dd8-3254
2013098,aid-jp6-cfc0bb8a
2013595,aid-jp6-e230754d-4300
2011692,a586b7a4
2014251,2a13d085
2012583,aid-jp6-ee00ead1-9014
2012353,aid-jp6-670b52ce-4483
2009507,aid-jp6-93b317fd-7707
2010285,aid-jp6-9aa19352
0705925,aid-jp6-85e50a9d-3832
2012749,b5479878
2001426,aid-jp6-7dad421a-6689
2012300,aid-jp6-0a580714-0991
0712658,aid-jp6-a6cf29e9
0710952,aid-jp6-b95e7625
2014180,5fed295c
0686420,3bc87e3c-8711
2013269,bc698889
2014252,2392edca
2011104,aid-jp6-2a087ce7-2515
2012044,aid-jp6-2d793886-2278
0698496,47789aac
2004791,aid-670ca0c-8144
0670581,e4a9b679-9033
0713947,aid-jp6-287ecd0b
2008618,c563ac91
2003181,aid-jp6-152cced5-6353
2012729,aid-jp6-f47a0281-4132
2012071,aid-jp6-510f77f0-4510
2009280,73ee353d
2009796,aid-jp6-c52f8ecd
2011596,aid-jp6-96995943
2008289,aid-jp6-4e6c1fc5-8334
2012070,6d4c1853-1154
2014225,aid-jp6-2f848072
2014104,aid-jp6-e8be0bb0
2014176,4bf0f638
2007701,aid-jp6-85854e3d-9692
2013850,aid-jp6-34699155-4336
0048732,1999680c
2014241,9e2fd88f
2014226,7215d05d
2010274,aid-jp6-65dbf12f-1791
2014224,0fe2a2e2
0701171,92d48972
2014170,aid-jp6-4041c9e1
2014147,aid-jp6-392753ac
0045702,53ec5cb4
2014146,aid-jp6-599148a0
2014174,aid-jp6-2f43ed46
0682128,e2344663-5665
0687250,aid-jp6-637e69d5-8350
0656373,aid-jp6-d9a5-0398
2010279,aid-jp6-a59d81d0-8276
2013599,aid-jp6-0e27f7d4-6614
2013507,aid-jp6-9806eccb-5457
2010441,bf0141b0-3415
2013773,aid-jp6-3da758b5-5566
0715145,aid-jp6-0050ed8e-2120
2013936,d7ad1e7e-7538
0688267,aid-jp6-5114749c
2013954,aid-jp6-ecedea24-6589
2005741,aid-jp6-c1fd475d-4652
2013942,aid-jp6-62112b81
2013327,aid-jp6-c84e3ad8-8072
0711060,aid-jp6-53b6f8f1-3802
0050833,aid-jp6-215c3453-6459
2013753,aid-jp6-3e3f6def-1671
2013755,aid-jp6-e6ffa6cf-3428
2003916,e25e5e16-1558
2014175,33da1533
2014191,aid-jp6-752e3009
2012443,aid-jp6-f40aad12-7958
0696181,aa1c1e61-1265
2013916,aid-jp6-ff8d1adf-7221
2013371,aid-jp6-89935df3-3478
0044538,aid-jp6-2951ffcb-4534
0660884,aid-jp6-accf7052-4581
0683705,aid-jp6-e4039448-1300
0023211,d0018c0e
0048034,aid-jp6-7aa9dea4-0272
0668583,3facb405
2014214,fd72da8b
0710265,aid-jp6-a586b7a4
2012522,aid-jp6-cf9435e8-9271
2003501,aid-jp6-b00767ff-4750
2013648,aid-jp6-a206aa4d-5366
0041554,aid-jp6-fe0e2135
2012233,aid-jp6-d2a05f7c
2013876,aid-jp6-cfc6e5b6-2961
2007503,c65b7aed
0698105,aid-jp6-5177fb35-8911
0045601,aid-jp6-afc766b0-3684
2014000,aid-jp6-9f671f3f-3131
0693938,79dd51a6
2013788,aid-jp6-d1573ee5-9349
0672716,aid-jp6-04b17878
0026864,aid-jp6-8755ff45-2517
2001600,aid-jp6-687a0371-8342
2013555,aid-jp6-c590f9ff-3315
0654836,aid-jp6-71ed0bd0
2008905,Blacklist
2012968,8b9beef1
2014189,3b438b53
0021910,68f9edae
0052494,aid-jp6-333ba5da-0955
2012014,aid-jp6-9cb5d9f6-2961
0054230,1f08ed1a
2014095,aid-jp6-1de2a6e0-2958
0694058,93af8644
2014025,aid-jp6-cdc1b56d-5999
2010466,39103254-6794
2003101,aid-jp6-752f48e64735
2014203,2aa4e69e
2014221,f80f677b
0655728,aid-jp6-7f739d12-0728
2013531,aid-jp6-00e976c6-5507
2002065,aid-jp6-2b855a1e
2011705,2f2d3975-9470
2002704,3e27e340-6715
2011032,aid-jp6-25e56301-1195
0021048,aid-jp6-c4c2d343-6958
2009341,aid-jp6-b91927f0-3921
2003769,5bb94153
2013837,aid-jp6-c5b37e1a-2500
2012094,b8eb855f
0649012,e47f895e-2825
2012229,aid-jp6-e385d43a
2005447,aid-jp6-95c9c461-0677
2011204,14a857a0-2024
2013854,aid-jp6-a74ae6dd-0066
0686852,aid-jp6-6a6ae156-3595
0055977,aid-jp6-6c36f1fc-8399
0683606,79284e99
0679686,aid-jp6-4370dd8c-3375
2012105,aid-jp6-dfb707e0-2439
0713205,ddab
2013990,aid-jp6-27e9792e-5339
0670823,aid-jp6-d45683e3-3415
2012511,aid-jp6-ae71aecd-7483
2014261,abdbd42f
2011661,45fc4015
2014083,aid-jp6-b82e23b1-5788
2010958,Refused the tablet.
2014267,eb8a7084
0658480,aid-jp6-e5081af0-4657
0703379,e526aa8c-7050
0706429,10b3be88
0714971,0a5c9cec
0702850,021f8260
2014262,95f4cd57
0022832,aid-jp6-8f111910-3383
2010716,aid-jp6-d9c9bc9a-6887
2011839,81fe89dc-8070
0042013,6cebebcb-4613
2009184,64617ec2-1893
2013187,1b09b1ea-6784
2011818,aid-jp6-d05e2f64-8029
0706010,27a7896c-3118
2012803,88e5/9224
2009238,4bdc44fa-4926
2012569,aid-jp6-d50e5793-3566
0017599,502180ab-2067
0694925,aid-jp6-86f64d6b-0151
2013991,aid-jp6-916d84e5-3061
2013560,aid-jp6-29143c93-2125
0046066,19bf/6393
2002588,aid-jp6-82e4a215-4477
2002730,aid-jp6-38dff542-6626
0672790,aid-jp6-3def7bb3
0654717,b75b4ee1-4232
0054263,aid-jp6-73374665-5466
2013895,aid-jp6-0b68c702-1466
0681300,aid-jp6-e57a2e38-5012
2013189,2b3592e2-3827
2014194,aid-jp6-03278662
2011793,aid-jp6-395af8ba-5316
0690152,6377
0049776,aid-jp6-4e3ff5c7
0693889,aid-jp6-fccb42e2-3239
0711074,aid-jp6-5e061a12
2010420,9d9f4600
2011473,aid-jp6-f5afc561-2968
2011616,561a/2405
2013786,aid-jp6-a53a527d-6934
2014019,aid-jp6-e7d63f21-1373
0706869,60cc381f-7609
0650877,4bb61d3e
0704218,aid-jp6-0d767c5e-0389
2001430,aid-jp6-2e1891f2
0687906,24b64a2e
2014069,aid-jp6-a7a32118-5901
2013594,aid-jp6-32f6c252-6719
2013545,aid-jp6-ec8e9638-9866
0680024,aid-jp6-e099a05a-8002
2014044,aid-jp6-9d9d5714
0665309,ec880781
0057172,6b72afd8
2012806,675292c2-1372
2010203,aid-jp6-49ea5e67-1174
0654331,aid-jp6-b35e4108-9382
0042709,9f93038d-7725
2013030,4778e548-4872
2011873,aid-jp6-ae08ffed
0037768,aid-jp6-b3d967af
0709658,aid-jp6-f407111e-2963
2014108,aid-jp6-70ba96e2-3429
2013567,aid-jp6-c7cb1919-4538
2012308,aid-jp6-bc3cf7e2-0523
2013821,aid-jp6-db71d775-9733
2011511,aid-jp6-84586d01-2351
2013244,f6df2db0-2574
2002056,aid-jp6-65f3ac1f-3593
2013893,aid-jp6-31f9d3f8-5472
0672655,aid-jp6-40469c1d-6018
0710345,aid-jp6-b5ba3e00
0647850,aid-jp6-d48ff5fb
2003967,b0cd41e9-7846
2012384,f36eec11-0000
2014110,aid-jp6-961e6704
0696666,aid-jp6-563530d5
2013696,aid-jp6-1019eade-0507
0050005,aid-jp6-59f96498-6689
2014091,aid-jp6-bcda47fa-2712
2013972,aid-jp6-f25256c2
2010878,e4f73578c-7830
0703106,aid-jp6-c295113b-6231
2013882,aid-jp6-1ad6ff8a-8747
2010523,04965b44-2094
2014195,f275d1be
0661030,aid-jp6-d8e61cf
0649402,aid-jp6-c33d00a4
2005203,8637592d
2006559,aid-jp6-3d84b791
2007224,aid-jp6-91ef937b-6149
2013825,aaaa4d4f-7965
2012540,aid-jp6-c370536b-7838
0022978,aid-jp6-d12fdc14-63132
0696124,aid-jp6-a9e68337
2014201,598b63f2
2013934,aid-jp6-bcd23853-6221
0682918,aid-jp6-97572293-3087
2010028,aid-jp6-e9332ba9-0974
2010899,7F76
0688814,aid-jp6-bba0922d-627185
2014223,65c10b0f
0683231,597a5959
2014210,a3a150a5
2012730,aid-jp6-16860b94-6171
2007322,e0ff26a0-9493
2012465,aid-jp6-51b87c20-3874
2013751,aid-jp6-50642108-8751
2011455,aid-jp6-d8037d99-6715
0669638,aid-jp6-ff298e76-7358
2009719,aid-jp6-085ecf93-8098
0015998,570c2f07-6047
2007702,aid-jp6-833486b4
2013259,cba65de7-3474
2011760,b1110a66-6022
2008338,aid-jp6-17968f3d-6534
2011458,23b012c9-0535
0047747,7419f665-1356
2012701,0521792c-0773
0686054,aid-jp6-28e6276b-3804
2012334,aid-jp6-ac5d33e9-7628
2012605,d8919229
2011939,aid-jp6-dc86931a
0709214,aid-jp6-1baab3f4
2003203,aid-jp6-61ad4b7e-nobatterynumber
0042685,aid-jp6-1c2d9244-2278
2007817,aid-jp6-a7119f04-6783
2012064,aid-jp6-a9a21d3a-3129
2012924,b77c52e7-4827
2012447,aid-jp6-b3afa194
2012918,aid-jp6-71f01375-1605
2008271,aid-jp6-fbf06ae1-7181
2011267,21817ea0
0673846,07bff378-8721
2012707,3eee10ae
0675386,aid-jp6-f266da89-3869
0707112,aid-jp6-887656ba
2009165,aid-jp6-8a6a2484
0698227,aid-jp6-9ff695e2-0325
0709044,aid-jp6-82915420-2296
0048332,09a0
2011884,aid-jp6-e6fb8e4e-0326
2010317,aid-jp6-fbdcada2-6611
0710076,aid-jp6-c4d3e8ee-3232
0698695,aid-jp6-9e7df83f-2624
0700229,aid-jp6-24acebc1-5563
0667521,46f7c5ce-5113
2002169,aid-jp6-e04356bc-3529
2011847,aid-jp6-45aee675-6584
2012636,c0c96fc4-1417
2008711,aid-jp6-fd2249fd-6767
2012394,aid-jp6-c3d7b4e1
0038799,aid-jp6-43458d62-2982
0706645,8b1b8262
0709968,41c15853-4033
2009942,12b6de92-4790
2003052,aid-jp6-5cb3d3ac
2013272,e3c0a108-1024
0708083,aid-jp6-0eb1beca-6462
2012362,aid-jp6-6c25da20-8292
0054175,341d1dcb-6756
0047703,aid-jp6-cad3b5ef
0673796,aid-jp6-b1bd5de0-8717
0709299,aid-jp6-b619ebd8-8184
2003507,aid-jp6-d3954dad-2212
2012533,c2af9d29-0430
0691037,d910c771
2005070,aid-jp6-740666e5-2926
0015687,aid-jp6-695469eb-6817
0714240,aid-jp6-4366f483
2012654,aid-jp6-1bbe0b2a-4620
0663500,aid-jp6-0a015b42-4922
0689000,aid-jp6-b417fbf1-6538
0711485,2cd8fd43
2013307,15bede50-5305
2013342,aid-jp6-f4b75182-3705
2011438,aid-jp6-2c34686f-4308
2013863,aid-jp6-6a896563-5468
0021577,aid-jp6-375b12cc-1795
2014209,aid-jp6-b9961e3d
0657644,aid-jp6-1729e963-6330
2013035,468e4af3c-5602
2009387,aid-jp6-a8a0edce-9683
2012035,aid-jp6-662c3834-2002
0041516,aid-jp6-41a3bf55-2278
0036049,aid-jp6-0f8e8be2
0694123,e8e4d960
0696180,cb672783-7513
0678931,aid-jp6-71597421
0707821,aid-jp6-fca12142-0107
2008555,aid-jp6-059dfdea-0935
2013959,aid-jp6-74cba53a-8341
2005616,d44a492b
0662054,006559a9
2010492,e95bb337
0032866,aid-jp6-ac692e30
2013390,aid-jp6-283a9a24-2552
2013891,aid-jp6-bb7aac4c-3502
2011504,abcfe729
0661415,aid-jp6-da9487ff-0410
2008655,aid-jp6-10dbf4c9
2013097,aid-jp6-bc7add73-9857
0713687,aid-jp6-31847000-2530
0703568,aid-jp6-a38a27e7-1148
0707274,aid-jp6-a6e89148-3513
2008611,aid-jp6-b55fb18d-2625
0714334,aid-jp6-fb24edc3-0732
2012994,afe1f2f8-08c8
2014084,aid-jp6-a1bd8623-2829
0710125,aid-jp6-60c3fe3a-7198
2006183,aid-jp6-01027d9a-6257
0694038,aid-jp6-39c44f57-9849
2011696,aid-jp6-f581c25b-0984
2009780,aid-jp6-9f365b70
2012825,9646d699
0684646,aid-jp6-936d7de5
0675632,aid-jp6-5c046fdb-8385
0674526,cb2dab7e
2009233,a3fe3f59
0689810,aid-jp6-c6dbf5cc-8142
0701856,aid-jp6-b204c37d-0078
2014136,083c9659
2013255,aid-jp6-cc5676c3
0021052,aid-jp6-0481368c-0142
0702110,aid-jp6-713752d0-7200
0714490,aid-jp6-eba4feed-6331
0696343,aid-jp6-7e4b3d98-3100
0679521,aid-jp6-04b5618c-1547
0690788,aid-jp6-100c3686-8599
0648735,aid-jp6-210fb8e5-6004
0044688,52b7-9806
2012745,8fccdabc-4315
0024424,aid-jp6-37a4899d-9123
0019806,aid-jp6-d2ea6d2f-4693
0051077,634ad8b5-7931
0672051,aid-jp6-2fb93c49
0038380,aid-jp6-3bb0e3ca-6338
0048966,486aa881-2537
2012023,aid-jp6-29d0ab28-6453
2011944,aid-jp6-23dca8d7-7215
2004231,3452fd6f
0658948,aid-jp6-fc34de3c-5741
2011212,48205d0c-2578
0691844,aid-jp6-4cab60e3-2378
0040688,aid-jp6-ff6f299f-0282
2013998,aid-jp6-bff829c9-5115
2005172,aid-jp6-b1f119ad-2957
0692621,aid-jp6-46406ca2-0654
0707467,aid-jp6-4f0cb734-4656
0029697,aid-jp6-f6c5119a-4997
0053117,aid-jp6-57ff44a1
0685241,aid-jp6-91a64732-8278
2009996,8f47b1e5
0026585,aid-jp6-0b1a6dee-5222
0044727,aid-jp6-d171e64b-3720
2010017,aid-jp6-48d90550-9024
0035883,ee199b67
2010456,aid-jp6-9722cd38-4166
2013953,aid-jp6-62909ee0-6192
0712345,fc60aa91
0047689,8efdc3f1-3937
0659107,aid-jp6-cb739dff-2110
2013958,aid-jp6-6c1ddaea-4230
2013625,aid-jp6-ca4ebcd3-3883
0702620,aid-jp6-698568bc-1766
2014029,aid-jp6-23908dd2-6184
0020197,aid-jp6-7d8639b3-8184
2008801,aid-jp6-3eb9e80f-0839
0668196,15c634a5
0678507,aid-jp6-a4f9b9df-9580
0688446,edcc1c62
2012826,8ee616a3
0692653,c08e63d6
0048102,aid-jp6-06adffea-8305
0056391,aid-jp6-9f7cbc8f
2014051,aid-jp6-b8fbfcd5-5291
2012927,aid-jp6-9f037513
2002614,9b2ee72a
2013706,aid-jp6-d53060cc-6410
0018438,aid-jp6-97ce09f8-3590
2014151,1ff3fa3a
2007542,a417d3a1
0701137,aid-jp6-dbedb78e-3886
2004058,aid-jp6-fc06a0d4-2734
0041745,aid-jp6-3ea9d385-3766
2012345,aid-jp6-6e28c533-4051
0689981,3b42ddf1
2004935,aid-jp6-8382fa50-9838
0673992,4e4079cc-5614
2013513,aid-jp6-5702304c-3835
0704202,aid-jp6-a004e002-9517
0048282,aid-jp6-7b9066ff-5800
2011631,aa9e1d60-9670
2013279,aid-jp6-7cc5a461-9360
0704524,aid-jp6-b0c8b83e-9558
2012925,aid-jp6-48cb111a
2010327,aid-jp6-79b29d1d-8790
0663562,aid-jp6-91a632fa-7515
0030536,aid-jp6-fd960292-3038
0682934,aid-jp6-789269e5-6731
0055043,aid-jp6-cdacdfda-3812
2004793,add19392
2014246,b702a603
0037739,aid-jp6-793b77dd-1208
0018628,aid-jp6-98654888
0034557,d32a7bfd
2014158,3641ba67
0707649,aid-jp6-b44b96ce
2008695,aid-jp6-7a0bcd4a-9826
0038903,0113b1ec
2010751,aid-jp6-eb9e7570-0033
2006413,aid-jp6-36b4220c-3527
2011070,aid-jp6-b843df83-1223
2004607,fda1360f
2013913,aid-jp6-180750cb-6743
0052224,aid-jp6-29429ada-0045
2012470,aid-jp6-6459ddc7-8152
2011391,aid-jp6-855c98fc-5320
2014038,dcab9dcb
0015877,4f32
0684418,3c0fbcec
0685986,161ffc6f
2009313,e910154e-1229
0677792,aid-jp6-f441eaa3-7366
0689003,aid-jp6-66639666-7422
2003054,aid-jp6-89118b4b
0020455,aid-jp6-6bde92c4-2693
0684520,aid-jp6-1fb93953-0219
2012662,aid-jp6-1174d678-6947
2011147,9c1ba9a9
0035551,aid-jp6-66a31be4-7420
0662135,aid-jp6-b2e2d349
2014078,aid-jp6-b2fbf962-9312
0667946,dfb4cccb-7920
0654995,aid-jp6-98ed43c5-4957
0708688,277fb052
0026314,aid-jp6-b3e7267b-3305
2012610,aid-jp6-7d1f28c8-6772
2002843,aid-jp6-1300048b-3704
2013096,aid-jp6-6b391937
2011001,aid-jp6-acbf0c8e-3956
0680380,aid-jp6-adbc208a-3489
0040416,aid-jp6-ea3bddee-9623
0681997,f614d24d
0684447,e5bcf47d
0672052,aid-jp6-9383efc1
2013362,aid-jp6-c33d00a4
0703470,aid-jp6-4efa9a0b-5379
2014113,aid-jp6-cd7340ff-2517
0039350,aid-jp6-b47383ae-5309
0034423,aid-jp6-71214ed5
0709910,ac086bbf
2010600,aid-jp6-0e85f249-8878
2011475,b78db5ef-6743
0034300,6ec79c8b
0048036,a6b1b634
2013347,6940dc80
0682957,51cd82b1
0030092,74339150
0017671,aid
0709537,74b62c5f
2014162,e3e2a3e5
0712069,8c5d0c82
0701348,aid-jp6-f7a51c73
0021946,aid-jp6-e6b67270-3268
0710205,aid-jp6-4f6dd990-1725
0680964,aid-jp6-3fe48e4b-6222
2014184,aid-jp6-f19ca8bf
0660207,aid-jp6-5d83910e
2014256,6581ffa9
2014217,9c4d063b
2013425,aid-jp6-cddb6b3a-2146
0709479,7acbed6c
2011911,500b714c
2011515,aid-jp6-81f46ea4-1979
0707802,40f3467b
2014181,e8138482
0025662,6161b9e9
0699882,aid-jp6-87a07d4d-8414
0686595,aid-jp6-ad8e66ee
0054614,521cdbdb
2013496,d4e2afa7
0696483,3f3d76f8
2010570,e5081af0
2011045,6d77605b
2014099,aid-jp6-a8b69aa5-5890
2012203,c684e744
0049887,aid-jp6-8dda16d7-4187
0705078,aid-jp6-f614d24d
0050767,aid-jp6-644dde60
2012594,aa4d726b-8334
2014017,aid-jp6-c53b2320-8934
2009070,aid-jp6-64fa2f73-3382
2010281,8bc19e27-6813
