,MSA #,Tablet Info #
0,,
1,MSA2007174,3fca080e-9253
2,MSA0660863,aid-jp6-82c922d7-1532
3,MSA2002625,aid-jp6-cae90155-3456
4,MSA2013345,aid-jp6-2d00ea57-3575
5,MSA2009775,aid-jp6-8f825a72
6,MSA0650278,aid-jp6-b531d2f6-2990
7,MSA0049264,aid-jp6-d123b1b8-1315
8,MSA2013969,aid-jp6-e5c3022d-9989
9,MSA2008450,aid-jp6-4f871b8c-0010
10,MSA0710560,aid-jp6-259145b1-2746
11,MSA0709125,aid-jp6-e7a17c1e-9824
12,MSA2012481,8aeb89b8-1544
13,MSA2013909,aid-jp6-a75dfa0a-8164
14,MSA2014161,5f5cc926
15,MSA2013268,aid-jp6-1a2e2f3c-7199
16,MSA0713628,aid-jp6-46300395-9497
17,MSA0714404,aid-jp6-aee5333f
18,MSA2012849,aid-jp6-4b33d34f-6026
19,MSA2010278,170c231b-1414
20,MSA0023026,aid-jp6-0d637de4-1984
21,MSA2011604,81d77961-1885
22,MSA0018218,5d9e367c
23,MSA2014050,aid-jp6-e80dd98d
24,MSA2012509,aid-jp6-9540a0f5-9022
25,MSA0701209,aid-jp6-6c15c026-5771
26,MSA2012643,e29fa8b4
27,MSA2013872,aid-jp6-4dbbca52-5154
28,MSA0703066,aid-jp6-2454badf-3693
29,MSA2010211,aid-jp6-43d4647d
30,MSA0051676,aid-jp6-4dbbca52-5154
31,MSA2010642,f54092ce
32,MSA0052130,aid-jp6-3b9eb340-1942
33,MSA2009188,657c4e89-9617
34,,
35,MSA0682644,15f516f1-0909
36,MSA0677734,aid-jp6-8d1dedf4
37,MSA0036356,aid-jp6-13233e4f
38,MSA2002514,aid-jp6-42939c7e-3033
39,MSA2010604,aid-jp6-870b1609-1247
40,MSA2010089,aid-jp6-a862e524
41,MSA2014023,aid-jp6-c7899592-1805
42,MSA2013018,aid-jp6-54c386cb-8231
43,MSA0682136,6f6a1dde
44,MSA2009270,aid-jp6-7c40c2d0
45,MSA2014172,7500b2bd
46,MSA0699372,e5c0c278
47,MSA0046081,aid-jp6-48c4dd71-0222
48,MSA2012708,aid-jp6-ef9eb01b-1481
49,MSA2013519,aid-jp6-f7aa495e
50,MSA2006637,aid-jp6-d76d6b90-1416
51,MSA0700982,aid-jp6-51ea6da2-8927
52,MSA2014043,aid-jp6-1211e11a
53,MSA0707818,5cdaf743
54,MSA2013977,aid-jp6-c6058fc1
55,MSA2009886,aid-jp6-685e9b2a-0847
56,MSA2013700,aid-jp6-f3bbac9b-7279
57,MSA2007531,445c4e4b-1929
58,MSA2013970,aid-jp6-4b310c12-1513
59,MSA2013420,aid-jp6-a51f140f-3732
60,MSA0047128,aid-jp6-e605fa46-3406
61,MSA0663490,c559a772-2986
62,MSA2013987,80a78768-2681
63,MSA0051743,aid-jp6-67ff361d-7918
64,MSA2007797,aid-jp6-c00dde75-8256
65,MSA0700602,4e67667e
66,MSA2012675,aid-jp6-250f187e-7637
67,MSA2012281,aid-jp6-fa6e9738-3799
68,MSA2008041,aid-jp6-cd4c93e1-5507
69,MSA2012606,aid-jp6-22670511
70,MSA0649080,7fac9b3b-9744
71,MSA2014093,aid-jp6-9db8a070-4327
72,MSA2013705,aid-jp6-ca55d6b7-6715
73,MSA2013951,aid-jp6-846a8985-0320
74,MSA2012474,b3adedbe-7032
75,MSA2013915,aid-jp6-6264c26b-2607
76,MSA0694505,aid-jp6-bac24f66-3037
77,MSA2008588,d7873051-3074
78,MSA0694552,aid-jp6-c999dacb-4769
79,MSA2002061,a019f525
80,MSA0705604,ddbeeae2
81,MSA2009766,55c2bce9
82,MSA2013056,6687c0ea-4549
83,MSA2012247,aid-jp6-8f017a4e-1929
84,MSA0661914,aid-jp6-731b7a39-8619
85,MSA2011044,aid-jp6-c1ab8b5d-5003
86,MSA2013856,aid-jp6-c8d316aa-3464
87,MSA2010019,30aa0659
88,MSA2005052,aid-jp6-ddf9d2bb
89,MSA2014177,82bf5f10
90,MSA0699795,aid-jp6-90e04e6b-7949
91,MSA2007671,FE3E
92,MSA0053841,b1b4d7f9
93,MSA2004535,ab6dfb5c
94,MSA2013473,d7cd7c8d
95,MSA0660387,aid-jp6-8df339648-6914
96,MSA0712875,aid-jp6-0ee2ffeb-3443
97,MSA2013864,aid-jp6-2e49a24c-0713
98,MSA2013749,aid-jp6-37336b34-5177
99,MSA2011195,aid-jp6-a92b58ad-6331
100,MSA2013540,aid-jp6-f86e7157-0610
101,MSA0695407,9e5208e6
102,MSA0705273,b48844ce
103,MSA0700360,b112f74b
104,MSA0684259,aid-jp6-903f46f5-0868
105,MSA2013178,aid-jp6-40d74eba
106,MSA2006443,f84c8b1c
107,MSA2008938,aid-jp6-90789d6b-7210
108,MSA2013760,aid-jp6-0ce3cc53-2793
109,MSA0030159,dffdf101
110,MSA2012823,bcf637b3
111,MSA2013842,aid-jp6-93e4c90a-1633
112,MSA2013240,aid-jp6-f4d66ab1
113,MSA2014114,aid-jp6-76b63a60-3261
114,MSA2006927,8d35db97-3850
115,MSA0713266,f9f77401
116,MSA2014092,aid-jp6-73c257e4
117,MSA2013866,aid-jp6-e472cccf-4257
118,MSA2013867,aid-jp6-07b5aef1-9758
119,MSA0701452,aid-jp6-ea811912-3145
120,MSA0016598,aid-jp6-4f871b8c
121,MSA2003331,62c3ec90
122,MSA0701869,aid-jp6-f7e6a40a-9066
123,MSA0653727,aid-jp6-c37d68da-9755
124,MSA2014171,eb3275dd
125,MSA2013688,aid-jp6-2be2ed94
126,MSA2014188,18a8f6be
127,MSA2013735,aid-jp6-cea31033-9448
128,MSA2012618,d18a/8750
129,MSA2003604,3f621015
130,MSA2012991,aid-jp6-c3fe0aa1-5558
131,MSA2012500,8a31c65e-0741
132,MSA2012068,14724df0-6414
133,MSA0648814,aid-jp6-5c601484-8808
134,MSA2011835,c7470b0d
135,MSA2012656,aid-jp6-ae4aa6f5-8386
136,MSA0035944,84819378
137,MSA0051050,MSA0051050
138,MSA2008866,d4c6dd0b
139,MSA2014268,5bf8fe7d
140,MSA0040320,db13dcef
141,MSA2011063,070299d2
142,MSA2014076,aid-jp6-1b7760b4-4556
143,MSA2014183,ad348b83
144,MSA0707465,df20c0cc
145,MSA2011503,ebc9cacc-3521
146,MSA0678368,aid-jp6-675689ff-4487
147,MSA0709613,aid-jp6-054d9cab
148,MSA2014067,aid-jp6-e4cc5ff6-0623
149,MSA2013682,aid-jp6-1d0984f8-8098
150,MSA0048493,e680b09c-9772
151,MSA0053269,fb0ddb45-5739
152,MSA2013805,aid-jp6-909660aa-4738
153,MSA0697046,510ca599
154,MSA2014112,aid-jp6-6fb26e58-2809
155,MSA2014129,ee52bc15
156,MSA2008772,36658080
157,MSA2014063,aid-jp6-233e2a47-3370
158,MSA2012382,aid-jp6-a8988aeb-0016
159,MSA2012221,aid-jp6-c15ab4fa-7457
160,MSA2010987,90c4e403
161,MSA0693295,aid-jp6-450bf9ce-6361
162,MSA2013673,aid-jp6-6c63f76d-2988
163,MSA2013736,aid-jp6-ed178f7a-3891
164,MSA2013074,aid-jp6-6f857e10-0344
165,MSA0691730,aid-jp6-0088a7d9
166,MSA2013358,a0eae9f1-6271
167,MSA2006629,aid-jp6-56914694-9100
168,MSA2009516,aid-jp6-fbb45eff-0467
169,MSA0050797,aid-jp6-65e1e49f-9968
170,MSA0079291,aid-jp6-6c83d11a-9239
171,MSA2010647,673c214d-6692
172,MSA2014053,aid-jp6-64ade80a-3153
173,MSA0711013,aid-jp6-3da5016e-2808
174,MSA2013591,aid-jp6-40e5bc76-0477
175,MSA2011721,aid-jp6-1bbd54d9-1611
176,MSA0705031,5b3c872d
177,MSA2012953,563dd57a
178,MSA2012664,c50faabf-6638
179,MSA2009359,aid-jp6-226d6fd7-1849
180,MSA2013243,aid-jp6-e149c144-9835
181,MSA2012926,aid-jp6-a80fb135-2728
182,MSA2007956,aid-jp6-66243f0e-9108
183,MSA2013914,aid-jp6-c000b128-7192
184,MSA2014074,aid-jp6-97dfc24f
185,MSA2003396,655aa69f-0468
186,MSA2007833,aid-jp6-efd33ec3-3069
187,MSA2013910,aid-jp6-c28c3496-2134
188,MSA2010980,aid-jp6-0d3bede1-0982
189,MSA2012719,38ac9c81-8654
190,MSA0683081,23cb7c87
191,MSA2013148,136704fa-6777
192,MSA0703174,aid-jp6-52fc9b76-8322
193,MSA0702726,0ab28739
194,MSA2011524,38cb043e
195,MSA0029673,aid-jp6-18465f33-0616
196,MSA0056258,0219c6d1-6220
197,MSA2013570,aid-jp6-0f2af102-8143
198,MSA0672034,0b17370d
199,MSA0705144,fd2c9d4f
200,MSA2012698,aid-jp6-fdc942bf-4279
201,MSA2011339,989b7afc-9400
202,MSA0683072,aid-jp6-599148a0
203,MSA0711269,13f260fe
204,MSA2014128,aid-jp6-eb54e829
205,MSA2012652,aid-jp6-99dbbb56-4270
206,MSA2011612,aid-jp6-a6b3b8be-4319
207,MSA2011462,24324343
208,MSA2011966,aid-jp6-a165b036
209,MSA0712664,aid-jp6-a796be32-5995
210,MSA2010309,aid-jp6-80c0a740-4592
211,MSA2013973,aid-jp6-5c088623-25412
212,MSA2014220,b1366ad3
213,MSA0052308,f17d496e
214,MSA2014244,530489d4
215,MSA2005763,0719a138
216,MSA0034625,3dad7ca1
217,MSA2014065,aid-jp6-72e727b7-0418
218,MSA2014056,aid-jp6-b35c06c2-6860
219,MSA0694796,aid-jp6-9bd4842c-5347
220,MSA2012836,aid-jp6-4dc5fc22
221,MSA2002389,2594c155
222,MSA0680542,e82a3ae3
223,MSA0669093,aid-jp6-eb383f46-1909
224,MSA2013968,aid-jp6-bf97b947-1271
225,MSA0056539,aid-jp6-5a7fbf1d
226,MSA2012232,07d12798
227,MSA2013121,aid-jp6-17a7c25e-4892
228,MSA2009702,7e9f02cc
229,MSA2006804,aid-jp6-beb64f01
230,MSA2010358,aid-jp6-458cc841-2058
231,MSA2013687,aid-jp6-c5ce1d48-9564
232,MSA0654426,0724103a-4834
233,MSA2012780,b331b8be-9801
234,MSA0699482,aid-jp6-686d12e2
235,MSA2011086,aid-jp6-699ee143
236,MSA2006936,aid-jp6-8a019572
237,MSA2014141,799eb89c
238,MSA2014259,264814ca
239,MSA0705482,aid-jp6-9190be61-1676
240,MSA2014205,aid-jp6-c6e8893c
241,MSA0047203,d123296d-9934
242,MSA0051589,6a1236a1-7949
243,MSA2014211,75da21b1
244,MSA2014255,a69ddbca
245,MSA0705703,aid-jp6-09d8a7eb-8103
246,MSA2011757,aid-jp6-bb8fc395
247,MSA0672310,aid-jp6-e85ab578-4981
248,MSA2001786,1a323fce
249,MSA2012255,ec724dfc-0054
250,MSA2013014,aid-jp6-27bf177e-5632
251,MSA2014059,aid-jp6-017877f8-9717
252,MSA2012653,5043364F-6987
253,MSA0683410,b02a5826
254,MSA0049884,aid-jp6-9f671f3f-3131
255,MSA2014144,ba4e7d50
256,MSA0699268,aid-jp6-c785b0a1-7889
257,MSA2003205,aid-jp6-6236545e-8662
258,MSA0684439,56cf7334
259,MSA0653386,aid-jp6-5ad3dcd8-5850
260,MSA0701383,aid-jp6-a231f195-2490
261,MSA2013351,c995e53e-0036
262,MSA2010709,6698fefb-7258
263,MSA2012665,aid-jp6-0d019d34-1537
264,MSA0687714,e890b4b8
265,MSA0703925,8e2a1408
266,MSA2001116,aid-jp6-41f00e24-6147
267,MSA2014138,34f49679
268,MSA0695965,10755cc4
269,MSA2014148,b6f0c7b0
270,MSA2013785,aid-jp6-08bde14a-0517
271,MSA2010263,aid-jp6-be62262d
272,MSA0682969,87d5ab76
273,MSA2014242,3306af43
274,MSA0709042,e13c05ab
275,MSA2012711,aid-jp6-5399d028-6701
276,MSA2011685,aid-jp6-6aa04479-6619
277,MSA0710919,aid-jp6-102c4310-9347
278,MSA0023310,9b3bd71d
279,MSA2013417,aid-jp6-295913a0
280,MSA0692093,2d45c8d8-5751
281,MSA0057207,49ef610f
282,MSA0672158,aid-jp6-91703564-1934
283,MSA2010848,f72e/4469
284,MSA0025280,aid-jp6-1f956a49-3164
285,MSA2005516,aid-jp6-a00d310c-6937
286,MSA0037875,aid-jp6-97cdc577-3041
287,MSA2014229,26c0472f
288,MSA2011936,d7e3caaa
289,MSA0675700,6c87e494-9634
290,MSA0703302,aid-jp6-9d27f8ca-3706
291,MSA0705350,36e6/1756
292,MSA2012867,a0c9/8624
293,MSA2010837,89cd161d-3428
294,MSA2013494,aid-jp6-bca30bfb-3362
295,MSA2013059,8c1933c9-6462
296,MSA0702853,aid-jp6-5f50ce6c-5124
297,MSA0670776,84c0/7986
298,MSA2001863,80cf11a1
299,MSA2012483,deb399bd-9841
300,MSA2012046,a2e382df-0277
301,MSA2014145,2014145?
302,MSA2014202,c0aeed4b
303,MSA2011850,aid-jp6-3b30a398-9757
304,MSA0684384,aid-jp6-e7565d09
305,MSA0702479,aid-jp6-e69c1b06-6074
306,MSA2013547,aid-jp6-e3590fe1-9676
307,MSA2008078,aid-jp6-afd5e629-1802
308,MSA0710087,aid-jp6-89de2fec-3397
309,MSA2013819,aid-jp6-2fbc0b0a
310,MSA0036822,daf4a912-5377
311,MSA2009600,aid-jp6-777c4cc9-2695
312,MSA0047891,aid-jp6-3932f17d-8582
313,MSA2011103,aid-jp6-d294cbd7
314,MSA2005971,7740c2ed
315,MSA0712506,282eb79a
316,MSA0036365,aid-jp6-5a68a03b-6017
317,MSA2012672,aid-jp6-76545a5d-7654
318,MSA0027510,92c93de9
319,MSA2012957,aid-jp6-5fdcd3d8-7837
320,MSA2012130,aid-jp6-284bc15f-6969
321,MSA2010167,aid-jp6-bf5f718b-1412
322,MSA2004440,aid-jp6-b87fd927-3103
323,MSA0685689,aid-jp6-dd748afc-0685
324,MSA2013623,aid-jp6-90efed73-3971
325,MSA2013598,aid-jp6-a234bec9-3442
326,MSA2013190,fa90d9e7
327,MSA2002818,aid-jp6-26499728-9061
328,MSA2013516,aid-jp6-c56832f9-4519
329,MSA2012683,238d86e5-1084
330,MSA2014027,aid-jp6-ed5d860b-9467
331,MSA2014134,5f556b0b
332,MSA2013955,aid-jp6-99ca1860
333,MSA2013060,aid-jp6-fa4997fe
334,MSA2010929,4d01-8738
335,MSA2011625,aid-jp6-dce02761
336,MSA2014032,aid-jp6-93490c85-2574
337,MSA2014193,aid-jp6-19cd0b31
338,MSA0704086,aid-jp6-548d7ab5
339,MSA2012417,58e72c42-2679
340,MSA2014122,7daffc6a
341,MSA2010836,98152ab0-5247
342,MSA2013094,3e45e025-9063
343,MSA2003228,aid-jp6-d94fd28f-5524
344,MSA0711129,aid-jp6-87cd83b4
345,MSA2012038,8427ca43-2708
346,MSA0703640,365aca3f
347,MSA2010118,32725c23
348,MSA2014003,aid-jp6-41e197d6-0177
349,MSA0710850,314d34e5
350,MSA2012376,aid-jp6-d70b60db-1609
351,MSA2009861,c8a080b5
352,MSA2006942,aid-jp6-782c6dd8-3254
353,MSA2013098,aid-jp6-cfc0bb8a
354,MSA2013595,aid-jp6-e230754d-4300
355,MSA2011692,a586b7a4
356,MSA2014251,2a13d085
357,MSA2012583,aid-jp6-ee00ead1-9014
358,MSA2012353,aid-jp6-670b52ce-4483
359,MSA2009507,aid-jp6-93b317fd-7707
360,MSA2010285,aid-jp6-9aa19352
361,MSA0705925,aid-jp6-85e50a9d-3832
362,MSA2012749,b5479878
363,MSA2001426,aid-jp6-7dad421a-6689
364,MSA2012300,aid-jp6-0a580714-0991
365,MSA0712658,aid-jp6-a6cf29e9
366,MSA0710952,aid-jp6-b95e7625
367,MSA2014180,5fed295c
368,MSA0686420,3bc87e3c-8711
369,MSA2013269,bc698889
370,MSA2014252,2392edca
371,MSA2011104,aid-jp6-2a087ce7-2515
372,MSA2012044,aid-jp6-2d793886-2278
373,MSA0698496,47789aac
374,MSA2004791,aid-670ca0c-8144
375,MSA0670581,e4a9b679-9033
376,MSA0713947,aid-jp6-287ecd0b
377,MSA2008618,c563ac91
378,MSA2003181,aid-jp6-152cced5-6353
379,MSA2012729,aid-jp6-f47a0281-4132
380,MSA2012071,aid-jp6-510f77f0-4510
381,MSA2009280,73ee353d
382,MSA2009796,aid-jp6-c52f8ecd
383,MSA2011596,aid-jp6-96995943
384,MSA2008289,aid-jp6-4e6c1fc5-8334
385,MSA2012070,6d4c1853-1154
386,MSA2014225,aid-jp6-2f848072
387,MSA2014104,aid-jp6-e8be0bb0
388,MSA2014176,4bf0f638
389,MSA2007701,aid-jp6-85854e3d-9692
390,MSA2013850,aid-jp6-34699155-4336
391,MSA0048732,1999680c
392,MSA2014241,9e2fd88f
393,MSA2014226,7215d05d
394,MSA2010274,aid-jp6-65dbf12f-1791
395,MSA2014224,0fe2a2e2
396,MSA0701171,92d48972
397,MSA2014170,aid-jp6-4041c9e1
398,MSA2014147,aid-jp6-392753ac
399,MSA0045702,53ec5cb4
400,MSA2014146,aid-jp6-599148a0
401,MSA2014174,aid-jp6-2f43ed46
402,,2f43ed46
403,MSA0682128,e2344663-5665
404,MSA0687250,aid-jp6-637e69d5-8350
405,MSA0656373,aid-jp6-d9a5-0398
406,MSA2010279,aid-jp6-a59d81d0-8276
407,MSA2013599,aid-jp6-0e27f7d4-6614
408,MSA2013507,aid-jp6-9806eccb-5457
409,MSA2010441,bf0141b0-3415
410,MSA2013773,aid-jp6-3da758b5-5566
411,MSA0715145,aid-jp6-0050ed8e-2120
412,MSA2013936,d7ad1e7e-7538
413,MSA0688267,aid-jp6-5114749c
414,MSA2013954,aid-jp6-ecedea24-6589
415,MSA2005741,aid-jp6-c1fd475d-4652
416,MSA2013942,aid-jp6-62112b81
417,MSA2013327,aid-jp6-c84e3ad8-8072
418,MSA0711060,aid-jp6-53b6f8f1-3802
419,MSA0050833,aid-jp6-215c3453-6459
420,MSA2013753,aid-jp6-3e3f6def-1671
421,MSA2013755,aid-jp6-e6ffa6cf-3428
422,MSA2003916,e25e5e16-1558
423,MSA2014175,33da1533
424,MSA2014191,aid-jp6-752e3009
425,MSA2012443,aid-jp6-f40aad12-7958
426,MSA0696181,aa1c1e61-1265
427,MSA2013916,aid-jp6-ff8d1adf-7221
428,MSA2013371,aid-jp6-89935df3-3478
429,MSA0044538,aid-jp6-2951ffcb-4534
430,MSA0660884,aid-jp6-accf7052-4581
431,MSA0683705,aid-jp6-e4039448-1300
432,MSA0023211,d0018c0e
433,MSA0048034,aid-jp6-7aa9dea4-0272
434,MSA0668583,3facb405
435,MSA2014214,fd72da8b
436,MSA0710265,aid-jp6-a586b7a4
437,MSA2012522,aid-jp6-cf9435e8-9271
438,MSA2003501,aid-jp6-b00767ff-4750
439,MSA2013648,aid-jp6-a206aa4d-5366
440,MSA0041554,aid-jp6-fe0e2135
441,MSA2012233,aid-jp6-d2a05f7c
442,MSA2013876,aid-jp6-cfc6e5b6-2961
443,MSA2007503,c65b7aed
444,MSA0698105,aid-jp6-5177fb35-8911
445,MSA0045601,aid-jp6-afc766b0-3684
446,MSA2014000,aid-jp6-9f671f3f-3131
447,MSA0693938,79dd51a6
448,MSA2013788,aid-jp6-d1573ee5-9349
449,MSA0672716,aid-jp6-04b17878
450,MSA0026864,aid-jp6-8755ff45-2517
451,MSA2001600,aid-jp6-687a0371-8342
452,MSA2013555,aid-jp6-c590f9ff-3315
453,MSA0654836,aid-jp6-71ed0bd0
454,MSA2008905,Blacklist
455,MSA2012968,8b9beef1
456,MSA2014189,3b438b53
457,MSA0021910,68f9edae
458,MSA0052494,aid-jp6-333ba5da-0955
459,MSA2012014,aid-jp6-9cb5d9f6-2961
460,MSA0054230,1f08ed1a
461,MSA2014095,aid-jp6-1de2a6e0-2958
462,MSA0694058,93af8644
463,MSA2014025,aid-jp6-cdc1b56d-5999
464,MSA2010466,39103254-6794
465,MSA2003101,aid-jp6-752f48e64735
466,MSA2014203,2aa4e69e
467,MSA2014221,f80f677b
468,MSA0655728,aid-jp6-7f739d12-0728
469,MSA2013531,aid-jp6-00e976c6-5507
470,MSA2002065,aid-jp6-2b855a1e
471,MSA2011705,2f2d3975-9470
472,MSA2002704,3e27e340-6715
473,MSA2011032,aid-jp6-25e56301-1195
474,MSA0021048,aid-jp6-c4c2d343-6958
475,MSA2009341,aid-jp6-b91927f0-3921
476,MSA2003769,5bb94153
477,MSA2013837,aid-jp6-c5b37e1a-2500
478,MSA2012094,b8eb855f
479,MSA0649012,e47f895e-2825
480,MSA2012229,aid-jp6-e385d43a
481,MSA2005447,aid-jp6-95c9c461-0677
482,MSA2011204,14a857a0-2024
483,MSA2013854,aid-jp6-a74ae6dd-0066
484,MSA0686852,aid-jp6-6a6ae156-3595
485,MSA0055977,aid-jp6-6c36f1fc-8399
486,MSA0683606,79284e99
487,MSA0679686,aid-jp6-4370dd8c-3375
488,MSA2012105,aid-jp6-dfb707e0-2439
489,MSA0713205,ddab
490,MSA2013990,aid-jp6-27e9792e-5339
491,MSA0670823,aid-jp6-d45683e3-3415
492,MSA2012511,aid-jp6-ae71aecd-7483
493,MSA2014261,abdbd42f
494,MSA2011661,45fc4015
495,MSA2014083,aid-jp6-b82e23b1-5788
496,MSA2010958,Refused the tablet.
497,MSA2014267,eb8a7084
498,MSA0658480,aid-jp6-e5081af0-4657
499,MSA0703379,e526aa8c-7050
500,MSA0706429,10b3be88
501,MSA0714971,0a5c9cec
502,MSA0702850,021f8260
503,MSA2014262,95f4cd57
504,MSA0022832,aid-jp6-8f111910-3383
505,MSA2010716,aid-jp6-d9c9bc9a-6887
506,MSA2011839,81fe89dc-8070
507,MSA0042013,6cebebcb-4613
508,MSA2009184,64617ec2-1893
509,MSA2013187,1b09b1ea-6784
510,MSA2011818,aid-jp6-d05e2f64-8029
511,MSA0706010,27a7896c-3118
512,MSA2012803,88e5/9224
513,MSA2009238,4bdc44fa-4926
514,MSA2012569,aid-jp6-d50e5793-3566
515,MSA0017599,502180ab-2067
516,MSA0694925,aid-jp6-86f64d6b-0151
517,MSA2013991,aid-jp6-916d84e5-3061
518,MSA2013560,aid-jp6-29143c93-2125
519,MSA0046066,19bf/6393
520,MSA2002588,aid-jp6-82e4a215-4477
521,MSA2002730,aid-jp6-38dff542-6626
522,MSA0672790,aid-jp6-3def7bb3
523,MSA0654717,b75b4ee1-4232
524,MSA0054263,aid-jp6-73374665-5466
525,MSA2013895,aid-jp6-0b68c702-1466
526,MSA0681300,aid-jp6-e57a2e38-5012
527,MSA2013189,2b3592e2-3827
528,MSA2014194,aid-jp6-03278662
529,MSA2011793,aid-jp6-395af8ba-5316
530,MSA0690152,6377
531,MSA0049776,aid-jp6-4e3ff5c7
532,MSA0693889,aid-jp6-fccb42e2-3239
533,MSA0711074,aid-jp6-5e061a12
534,MSA2010420,9d9f4600
535,MSA2011473,aid-jp6-f5afc561-2968
536,MSA2011616,561a/2405
537,MSA2013786,aid-jp6-a53a527d-6934
538,MSA2014019,aid-jp6-e7d63f21-1373
539,MSA0706869,60cc381f-7609
540,MSA0650877,4bb61d3e
541,MSA0704218,aid-jp6-0d767c5e-0389
542,MSA2001430,aid-jp6-2e1891f2
543,MSA0687906,24b64a2e
544,MSA2014069,aid-jp6-a7a32118-5901
545,MSA2013594,aid-jp6-32f6c252-6719
546,MSA2013545,aid-jp6-ec8e9638-9866
547,MSA0680024,aid-jp6-e099a05a-8002
548,MSA2014044,aid-jp6-9d9d5714
549,MSA0665309,ec880781
550,MSA0057172,6b72afd8
551,MSA2012806,675292c2-1372
552,MSA2010203,aid-jp6-49ea5e67-1174
553,MSA0654331,aid-jp6-b35e4108-9382
554,MSA0042709,9f93038d-7725
555,MSA2013030,4778e548-4872
556,MSA2011873,aid-jp6-ae08ffed
557,MSA0037768,aid-jp6-b3d967af
558,MSA0709658,aid-jp6-f407111e-2963
559,MSA2014108,aid-jp6-70ba96e2-3429
560,MSA2013567,aid-jp6-c7cb1919-4538
561,MSA2012308,aid-jp6-bc3cf7e2-0523
562,MSA2013821,aid-jp6-db71d775-9733
563,MSA2011511,aid-jp6-84586d01-2351
564,MSA2013244,f6df2db0-2574
565,MSA2002056,aid-jp6-65f3ac1f-3593
566,MSA2013893,aid-jp6-31f9d3f8-5472
567,MSA0672655,aid-jp6-40469c1d-6018
568,MSA0710345,aid-jp6-b5ba3e00
569,MSA0647850,aid-jp6-d48ff5fb
570,MSA2003967,b0cd41e9-7846
571,MSA2012384,f36eec11-0000
572,MSA2014110,aid-jp6-961e6704
573,MSA0696666,aid-jp6-563530d5
574,MSA2013696,aid-jp6-1019eade-0507
575,MSA0050005,aid-jp6-59f96498-6689
576,MSA2014091,aid-jp6-bcda47fa-2712
577,MSA2013972,aid-jp6-f25256c2
578,MSA2010878,e4f73578c-7830
579,MSA0703106,aid-jp6-c295113b-6231
580,MSA2013882,aid-jp6-1ad6ff8a-8747
581,MSA2010523,04965b44-2094
582,MSA2014195,f275d1be
583,MSA0661030,aid-jp6-d8e61cf
584,MSA0649402,aid-jp6-c33d00a4
585,MSA2005203,8637592d
586,MSA2006559,aid-jp6-3d84b791
587,MSA2007224,aid-jp6-91ef937b-6149
588,MSA2013825,aaaa4d4f-7965
589,MSA2012540,aid-jp6-c370536b-7838
590,MSA0022978,aid-jp6-d12fdc14-63132
591,MSA0696124,aid-jp6-a9e68337
592,MSA2014201,598b63f2
593,MSA2013934,aid-jp6-bcd23853-6221
594,MSA0682918,aid-jp6-97572293-3087
595,MSA2010028,aid-jp6-e9332ba9-0974
596,MSA2010899,7F76
597,MSA0688814,aid-jp6-bba0922d-627185
598,MSA2014223,65c10b0f
599,MSA0683231,597a5959
600,MSA2014210,a3a150a5
601,MSA2012730,aid-jp6-16860b94-6171
602,MSA2007322,e0ff26a0-9493
603,MSA2012465,aid-jp6-51b87c20-3874
604,MSA2013751,aid-jp6-50642108-8751
605,MSA2011455,aid-jp6-d8037d99-6715
606,MSA0669638,aid-jp6-ff298e76-7358
607,MSA2009719,aid-jp6-085ecf93-8098
608,MSA0015998,570c2f07-6047
609,MSA2007702,aid-jp6-833486b4
610,MSA2013259,cba65de7-3474
611,MSA2011760,b1110a66-6022
612,MSA2008338,aid-jp6-17968f3d-6534
613,MSA2011458,23b012c9-0535
614,MSA0047747,7419f665-1356
615,MSA2012701,0521792c-0773
616,MSA0686054,aid-jp6-28e6276b-3804
617,MSA2012334,aid-jp6-ac5d33e9-7628
618,MSA2012605,d8919229
619,MSA2011939,aid-jp6-dc86931a
620,MSA0709214,aid-jp6-1baab3f4
621,MSA2003203,aid-jp6-61ad4b7e-nobatterynumber
622,MSA0042685,aid-jp6-1c2d9244-2278
623,MSA2007817,aid-jp6-a7119f04-6783
624,MSA2012064,aid-jp6-a9a21d3a-3129
625,MSA2012924,b77c52e7-4827
626,MSA2012447,aid-jp6-b3afa194
627,MSA2012918,aid-jp6-71f01375-1605
628,MSA2008271,aid-jp6-fbf06ae1-7181
629,MSA2011267,21817ea0
630,MSA0673846,07bff378-8721
631,MSA2012707,3eee10ae
632,MSA0675386,aid-jp6-f266da89-3869
633,MSA0707112,aid-jp6-887656ba
634,MSA2009165,aid-jp6-8a6a2484
635,MSA0698227,aid-jp6-9ff695e2-0325
636,MSA0709044,aid-jp6-82915420-2296
637,MSA0048332,09a0
638,MSA2011884,aid-jp6-e6fb8e4e-0326
639,MSA2010317,aid-jp6-fbdcada2-6611
640,MSA0710076,aid-jp6-c4d3e8ee-3232
641,MSA0698695,aid-jp6-9e7df83f-2624
642,MSA0700229,aid-jp6-24acebc1-5563
643,MSA0667521,46f7c5ce-5113
644,MSA2002169,aid-jp6-e04356bc-3529
645,MSA2011847,aid-jp6-45aee675-6584
646,MSA2012636,c0c96fc4-1417
647,MSA2008711,aid-jp6-fd2249fd-6767
648,MSA2012394,aid-jp6-c3d7b4e1
649,MSA0038799,aid-jp6-43458d62-2982
650,MSA0706645,8b1b8262
651,MSA0709968,41c15853-4033
652,MSA2009942,12b6de92-4790
653,MSA2003052,aid-jp6-5cb3d3ac
654,MSA2013272,e3c0a108-1024
655,MSA0708083,aid-jp6-0eb1beca-6462
656,MSA2012362,aid-jp6-6c25da20-8292
657,MSA0054175,341d1dcb-6756
658,MSA0047703,aid-jp6-cad3b5ef
659,MSA0673796,aid-jp6-b1bd5de0-8717
660,MSA0709299,aid-jp6-b619ebd8-8184
661,MSA2003507,aid-jp6-d3954dad-2212
662,MSA2012533,c2af9d29-0430
663,MSA0691037,d910c771
664,MSA2005070,aid-jp6-740666e5-2926
665,MSA0015687,aid-jp6-695469eb-6817
666,MSA0714240,aid-jp6-4366f483
667,MSA2012654,aid-jp6-1bbe0b2a-4620
668,MSA0663500,aid-jp6-0a015b42-4922
669,MSA0689000,aid-jp6-b417fbf1-6538
670,MSA0711485,2cd8fd43
671,MSA2013307,15bede50-5305
672,MSA2013342,aid-jp6-f4b75182-3705
673,MSA2011438,aid-jp6-2c34686f-4308
674,MSA2013863,aid-jp6-6a896563-5468
675,MSA0021577,aid-jp6-375b12cc-1795
676,MSA2014209,aid-jp6-b9961e3d
677,MSA0657644,aid-jp6-1729e963-6330
678,MSA2013035,468e4af3c-5602
679,MSA2009387,aid-jp6-a8a0edce-9683
680,MSA2012035,aid-jp6-662c3834-2002
681,MSA0041516,aid-jp6-41a3bf55-2278
682,MSA0036049,aid-jp6-0f8e8be2
683,MSA0694123,e8e4d960
684,MSA0696180,cb672783-7513
685,MSA0678931,aid-jp6-71597421
686,MSA0707821,aid-jp6-fca12142-0107
687,MSA2008555,aid-jp6-059dfdea-0935
688,MSA2013959,aid-jp6-74cba53a-8341
689,MSA2005616,d44a492b
690,MSA0662054,006559a9
691,MSA2010492,e95bb337
692,MSA0032866,aid-jp6-ac692e30
693,MSA2013390,aid-jp6-283a9a24-2552
694,MSA2013891,aid-jp6-bb7aac4c-3502
695,MSA2011504,abcfe729
696,MSA0661415,aid-jp6-da9487ff-0410
697,MSA2008655,aid-jp6-10dbf4c9
698,MSA2013097,aid-jp6-bc7add73-9857
699,MSA0713687,aid-jp6-31847000-2530
700,MSA0703568,aid-jp6-a38a27e7-1148
701,MSA0707274,aid-jp6-a6e89148-3513
702,MSA2008611,aid-jp6-b55fb18d-2625
703,MSA0714334,aid-jp6-fb24edc3-0732
704,MSA2012994,afe1f2f8-08c8
705,MSA2014084,aid-jp6-a1bd8623-2829
706,MSA0710125,aid-jp6-60c3fe3a-7198
707,MSA2006183,aid-jp6-01027d9a-6257
708,MSA0694038,aid-jp6-39c44f57-9849
709,MSA2011696,aid-jp6-f581c25b-0984
710,MSA2009780,aid-jp6-9f365b70
711,MSA2012825,9646d699
712,MSA0684646,aid-jp6-936d7de5
713,MSA0675632,aid-jp6-5c046fdb-8385
714,MSA0674526,cb2dab7e
715,MSA2009233,a3fe3f59
716,MSA0689810,aid-jp6-c6dbf5cc-8142
717,MSA0701856,aid-jp6-b204c37d-0078
718,MSA2014136,083c9659
719,MSA2013255,aid-jp6-cc5676c3
720,MSA0021052,aid-jp6-0481368c-0142
721,MSA0702110,aid-jp6-713752d0-7200
722,MSA0714490,aid-jp6-eba4feed-6331
723,MSA0696343,aid-jp6-7e4b3d98-3100
724,MSA0679521,aid-jp6-04b5618c-1547
725,MSA0690788,aid-jp6-100c3686-8599
726,MSA0648735,aid-jp6-210fb8e5-6004
727,MSA0044688,52b7-9806
728,MSA2012745,8fccdabc-4315
729,MSA0024424,aid-jp6-37a4899d-9123
730,MSA0019806,aid-jp6-d2ea6d2f-4693
731,MSA0051077,634ad8b5-7931
732,MSA0672051,aid-jp6-2fb93c49
733,MSA0038380,aid-jp6-3bb0e3ca-6338
734,MSA0048966,486aa881-2537
735,MSA2012023,aid-jp6-29d0ab28-6453
736,MSA2011944,aid-jp6-23dca8d7-7215
737,MSA2004231,3452fd6f
738,MSA0658948,aid-jp6-fc34de3c-5741
739,MSA2011212,48205d0c-2578
740,MSA0691844,aid-jp6-4cab60e3-2378
741,MSA0040688,aid-jp6-ff6f299f-0282
742,MSA2013998,aid-jp6-bff829c9-5115
743,MSA2005172,aid-jp6-b1f119ad-2957
744,MSA0692621,aid-jp6-46406ca2-0654
745,MSA0707467,aid-jp6-4f0cb734-4656
746,MSA0029697,aid-jp6-f6c5119a-4997
747,MSA0053117,aid-jp6-57ff44a1
748,MSA0685241,aid-jp6-91a64732-8278
749,MSA2009996,8f47b1e5
750,MSA0026585,aid-jp6-0b1a6dee-5222
751,MSA0044727,aid-jp6-d171e64b-3720
752,MSA2010017,aid-jp6-48d90550-9024
753,MSA0035883,ee199b67
754,MSA2010456,aid-jp6-9722cd38-4166
755,MSA2013953,aid-jp6-62909ee0-6192
756,MSA0712345,fc60aa91
757,MSA0047689,8efdc3f1-3937
758,MSA0659107,aid-jp6-cb739dff-2110
759,MSA2013958,aid-jp6-6c1ddaea-4230
760,MSA2013625,aid-jp6-ca4ebcd3-3883
761,MSA0702620,aid-jp6-698568bc-1766
762,MSA2014029,aid-jp6-23908dd2-6184
763,MSA0020197,aid-jp6-7d8639b3-8184
764,MSA2008801,aid-jp6-3eb9e80f-0839
765,MSA0668196,15c634a5
766,MSA0678507,aid-jp6-a4f9b9df-9580
767,MSA0688446,edcc1c62
768,MSA2012826,8ee616a3
769,MSA0692653,c08e63d6
770,MSA0048102,aid-jp6-06adffea-8305
771,MSA0056391,aid-jp6-9f7cbc8f
772,MSA2014051,aid-jp6-b8fbfcd5-5291
773,MSA2012927,aid-jp6-9f037513
774,MSA2002614,9b2ee72a
775,MSA2013706,aid-jp6-d53060cc-6410
776,MSA0018438,aid-jp6-97ce09f8-3590
777,MSA2014151,1ff3fa3a
778,MSA2007542,a417d3a1
779,MSA0701137,aid-jp6-dbedb78e-3886
780,MSA2004058,aid-jp6-fc06a0d4-2734
781,MSA0041745,aid-jp6-3ea9d385-3766
782,MSA2012345,aid-jp6-6e28c533-4051
783,MSA0689981,3b42ddf1
784,MSA2004935,aid-jp6-8382fa50-9838
785,MSA0673992,4e4079cc-5614
786,MSA2013513,aid-jp6-5702304c-3835
787,MSA0704202,aid-jp6-a004e002-9517
788,MSA0048282,aid-jp6-7b9066ff-5800
789,MSA2011631,aa9e1d60-9670
790,MSA2013279,aid-jp6-7cc5a461-9360
791,MSA0704524,aid-jp6-b0c8b83e-9558
792,MSA2012925,aid-jp6-48cb111a
793,MSA2010327,aid-jp6-79b29d1d-8790
794,MSA0663562,aid-jp6-91a632fa-7515
795,MSA0030536,aid-jp6-fd960292-3038
796,MSA0682934,aid-jp6-789269e5-6731
797,MSA0055043,aid-jp6-cdacdfda-3812
798,MSA2004793,add19392
799,MSA2014246,b702a603
800,MSA0037739,aid-jp6-793b77dd-1208
801,MSA0018628,aid-jp6-98654888
802,MSA0034557,d32a7bfd
803,MSA2014158,3641ba67
804,MSA0707649,aid-jp6-b44b96ce
805,MSA2008695,aid-jp6-7a0bcd4a-9826
806,MSA0038903,0113b1ec
807,MSA2010751,aid-jp6-eb9e7570-0033
808,MSA2006413,aid-jp6-36b4220c-3527
809,MSA2011070,aid-jp6-b843df83-1223
810,MSA2004607,fda1360f
811,MSA2013913,aid-jp6-180750cb-6743
812,MSA0052224,aid-jp6-29429ada-0045
813,MSA2012470,aid-jp6-6459ddc7-8152
814,MSA2011391,aid-jp6-855c98fc-5320
815,MSA2014038,dcab9dcb
816,MSA0015877,4f32
817,MSA0684418,3c0fbcec
818,MSA0685986,161ffc6f
819,MSA2009313,e910154e-1229
820,MSA0677792,aid-jp6-f441eaa3-7366
821,MSA0689003,aid-jp6-66639666-7422
822,MSA2003054,aid-jp6-89118b4b
823,MSA0020455,aid-jp6-6bde92c4-2693
824,MSA0684520,aid-jp6-1fb93953-0219
825,MSA2012662,aid-jp6-1174d678-6947
826,MSA2011147,9c1ba9a9
827,MSA0035551,aid-jp6-66a31be4-7420
828,MSA0662135,aid-jp6-b2e2d349
829,MSA2014078,aid-jp6-b2fbf962-9312
830,MSA0667946,dfb4cccb-7920
831,MSA0654995,aid-jp6-98ed43c5-4957
832,MSA0708688,277fb052
833,MSA0026314,aid-jp6-b3e7267b-3305
834,MSA2012610,aid-jp6-7d1f28c8-6772
835,MSA2002843,aid-jp6-1300048b-3704
836,MSA2013096,aid-jp6-6b391937
837,MSA2011001,aid-jp6-acbf0c8e-3956
838,MSA0680380,aid-jp6-adbc208a-3489
839,MSA0040416,aid-jp6-ea3bddee-9623
840,MSA0681997,f614d24d
841,MSA0684447,e5bcf47d
842,MSA0672052,aid-jp6-9383efc1
843,,9383efc1
844,MSA2013362,aid-jp6-c33d00a4
845,MSA0703470,aid-jp6-4efa9a0b-5379
846,MSA2014113,aid-jp6-cd7340ff-2517
847,MSA0039350,aid-jp6-b47383ae-5309
848,MSA0034423,aid-jp6-71214ed5
849,MSA0709910,ac086bbf
850,,b02a5826
851,MSA2010600,aid-jp6-0e85f249-8878
852,MSA2011475,b78db5ef-6743
853,MSA0034300,6ec79c8b
854,MSA0048036,a6b1b634
855,MSA2013347,6940dc80
856,MSA0682957,51cd82b1
857,MSA0030092,74339150
858,MSA0017671,aid
859,MSA0709537,74b62c5f
860,MSA2014162,e3e2a3e5
861,MSA0712069,8c5d0c82
862,MSA0701348,aid-jp6-f7a51c73
863,MSA0021946,aid-jp6-e6b67270-3268
864,MSA0710205,aid-jp6-4f6dd990-1725
865,MSA0680964,aid-jp6-3fe48e4b-6222
866,MSA2014184,aid-jp6-f19ca8bf
867,MSA0660207,aid-jp6-5d83910e
868,MSA2014256,6581ffa9
869,MSA2014217,9c4d063b
870,MSA2013425,aid-jp6-cddb6b3a-2146
871,MSA0709479,7acbed6c
872,MSA2011911,500b714c
873,MSA2011515,aid-jp6-81f46ea4-1979
874,MSA0707802,40f3467b
875,MSA2014181,e8138482
876,MSA0025662,6161b9e9
877,MSA0699882,aid-jp6-87a07d4d-8414
878,MSA0686595,aid-jp6-ad8e66ee
879,MSA0054614,521cdbdb
880,MSA2013496,d4e2afa7
881,MSA0696483,3f3d76f8
882,MSA2010570,e5081af0
883,MSA2011045,6d77605b
884,MSA2014099,aid-jp6-a8b69aa5-5890
885,MSA2012203,c684e744
886,MSA0049887,aid-jp6-8dda16d7-4187
887,MSA0705078,aid-jp6-f614d24d
888,MSA0050767,aid-jp6-644dde60
889,MSA2012594,aa4d726b-8334
890,MSA2014017,aid-jp6-c53b2320-8934
891,MSA2009070,aid-jp6-64fa2f73-3382
892,MSA2010281,8bc19e27-6813
