serialNumber,inmate.custodyAccount,cdate
aid-jp6-675689ff,0678368,2022-09-26T17:03:25.305Z
aid-jp6-c18866a7,0676835,2024-06-18T15:38:03.363Z
aid-jp6-789269e5,0699734,2022-04-19T05:12:24.821Z
aid-jp6-edb7e1a6,2010211,2022-09-09T05:20:53.571Z
aid-jp6-083c9659,2014136,2024-03-20T15:12:20.617Z
aid-jp6-c70c4270,0046666,2023-06-30T13:50:50.000Z
aid-jp6-3b9eb340,0052130,2022-11-12T15:15:58.995Z
aid-jp6-f54092ce,2010642,2023-11-15T15:39:51.199Z
aid-jp6-ec5c5a75,0705078,2023-07-14T20:03:59.512Z
aid-jp6-e3590fe1,2014043,2023-09-01T17:35:47.488Z
aid-jp6-93b317fd,2009507,2022-02-08T18:12:58.061Z
aid-jp6-d0018c0e,0023211,2023-01-11T06:13:49.189Z
aid-jp6-fc60aa91,2002507,2024-01-23T03:27:43.000Z
aid-jp6-0c3e24a5,2012849,2022-03-11T20:35:38.869Z
aid-jp6-68f9edae,2008439,2022-05-23T18:04:22.407Z
aid-jp6-a3eec058,2014257,2022-06-20T18:53:21.398Z
aid-jp6-333ba5da,0052494,2022-03-11T20:59:21.061Z
aid-jp6-87a07d4d,0023442,2024-02-01T17:45:32.619Z
aid-jp6-96593145,0672051,2024-01-26T19:15:07.000Z
aid-jp6-97ce09f8,2012878,2022-03-30T22:03:32.601Z
aid-jp6-85e50a9d,2014327,2022-10-10T12:17:32.089Z
aid-jp6-5b3c872d,0705031,2022-02-07T19:02:20.064Z
aid-jp6-0088a7d9,0687906,2024-03-20T15:13:57.741Z
aid-jp6-fb24edc3,2010231,2022-05-16T14:12:14.279Z
aid-jp6-b204c37d,0703174,2022-09-28T15:55:31.915Z
aid-jp6-f377e52f,2013969,2022-03-11T20:59:19.932Z
aid-jp6-644dde60,0050767,2024-01-11T01:15:43.000Z
aid-jp6-6f946127,2013409,2023-09-19T01:21:28.735Z
aid-rk30board-i7074hjk,0703620,2021-02-14T21:06:12.000Z
aid-jp6-7acbed6c,0709479,2022-02-19T06:05:42.294Z
aid-jp6-6264c26b,2013915,2022-08-05T19:02:35.491Z
aid-jp6-8dda16d7,0049887,2022-08-18T05:37:06.658Z
aid-jp6-ad8e66ee,2013371,2023-01-14T22:16:56.269Z
aid-jp6-b531d2f6,0650278,2024-02-01T17:45:28.634Z
aid-jp6-fda1360f,2004607,2024-03-20T15:36:34.793Z
aid-jp6-cdc1b56d,0681016,2022-04-25T17:33:44.073Z
aid-jp6-6a896563,2013863,2022-06-20T18:53:20.319Z
aid-jp6-e80dd98d,2014050,2024-03-20T15:11:09.946Z
aid-jp6-6ce199a5,2007702,2024-03-20T15:38:35.977Z
aid-jp6-fe10978a,2013100,2023-09-15T19:00:03.713Z
aid-jp6-46300395,0713628,2023-11-07T18:49:04.287Z
aid-jp6-ed9f5291,2012099,2022-02-02T15:31:46.193Z
aid-jp6-eba4feed,0714490,2021-10-14T13:18:34.055Z
aid-jp6-f9f77401,0713266,2021-11-16T17:15:28.647Z
aid-jp6-1d0984f8,2013682,2023-05-26T13:55:49.164Z
aid-jp6-142af542,2013240,2021-12-17T19:49:49.475Z
aid-jp6-f7e6a40a,0701869,2021-10-19T16:10:06.564Z
aid-jp6-73c257e4,2014092,2024-03-20T15:14:05.198Z
aid-jp6-0ce3cc53,2013760,2022-07-12T14:16:47.680Z
aid-jp6-fa6e9738,2012281,2022-04-20T05:12:57.427Z
aid-jp6-b1b4d7f9,0053841,2023-07-14T20:03:59.842Z
aid-jp6-df20c0cc,0707465,2021-10-21T15:41:43.841Z
aid-jp6-909660aa,2013805,2022-03-31T13:53:48.752Z
aid-jp6-37336b34,2013749,2022-08-23T05:11:27.706Z
aid-jp6-c00dde75,0694505,2023-09-15T19:00:03.454Z
aid-jp6-3eee10ae,0045989,2021-11-15T13:16:47.670Z
aid-jp6-40e5bc76,2013591,2022-01-10T21:09:40.569Z
aid-jp6-a0eae9f1,2013358,2023-07-14T20:04:01.343Z
aid-jp6-6687c0ea,2013056,2022-06-16T14:35:49.070Z
aid-jp6-f84c8b1c,2006443,2023-07-14T20:03:59.178Z
aid-jp6-b417fbf1,0660387,2022-05-16T14:12:08.705Z
aid-jp6-cad3b5ef,2006531,2024-03-20T15:37:46.098Z
aid-jp6-eb8a7084,0661914,2022-08-19T20:10:46.289Z
aid-jp6-ad749aaa,2012382,2024-01-12T18:35:53.000Z
aid-jp6-5f5cc926,2013735,2022-04-01T06:32:53.199Z
aid-jp6-253cc126,2007066,2024-06-18T16:44:28.141Z
aid-jp6-5777ed99,2014417,2024-06-18T16:44:28.120Z
aid-jp6-d57da909,2011195,2024-06-18T15:34:45.448Z
aid-jp6-b78db5ef,2013036,2022-06-20T18:53:23.814Z
aid-jp6-c37d68da,0653727,2022-08-11T05:22:21.461Z
aid-jp6-f58ae758,0050797,2022-11-18T13:58:51.191Z
aid-jp6-eafb6122,2012675,2022-06-02T17:15:32.091Z
aid-jp6-d7873051,2008588,2022-09-28T15:55:24.359Z
aid-jp6-4cfb38e1,2013953,2022-03-01T06:04:13.568Z
aid-jp6-ddf9d2bb,2005052,2022-09-28T15:55:37.051Z
aid-jp6-fbb45eff,2009516,2022-08-05T19:02:31.459Z
aid-jp6-5f05621f,2014383,2023-06-23T17:00:00.396Z
aid-jp6-03264aaf,0055062,2022-07-28T12:30:24.477Z
aid-jp6-d7cd7c8d,0675690,2024-01-26T19:24:24.000Z
aid-jp6-42939c7e,2002514,2022-08-05T19:02:40.991Z
aid-jp6-cabb2bd3,2014451,2022-02-17T17:16:29.545Z
aid-jp6-db822313,2008579,2022-02-17T17:44:27.994Z
aid-jp6-30aa0659,2010019,2023-07-14T20:03:59.787Z
aid-jp6-46406ca2,0692621,2023-06-05T13:04:55.891Z
aid-jp6-15f516f1,0682644,2022-09-26T13:44:22.665Z
aid-rk30board-7t171mrw,0674667,2021-03-19T00:19:12.000Z
aid-rk30board-5h0svm7t,2009848,2021-03-02T00:08:00.000Z
aid-jp6-8b4610b4,2001717,2021-12-03T22:47:31.137Z
aid-jp6-9db8a070,2014093,2022-03-11T20:35:46.649Z
aid-jp6-a019f525,0704857,2024-02-01T17:45:34.840Z
aid-jp6-1bbd54d9,2011721,2023-09-01T16:30:33.718Z
aid-jp6-6c83d11a,0079291,2022-03-31T05:02:34.275Z
aid-jp6-96e71e75,0029087,2022-04-15T14:01:19.649Z
aid-jp6-3da5016e,0711013,2023-09-01T17:35:48.006Z
aid-jp6-64ade80a,2014053,2022-01-27T00:22:46.682Z
aid-jp6-5addd18a,2012618,2022-08-05T19:02:28.965Z
aid-jp6-14724df0,2012068,2022-01-04T14:48:33.449Z
aid-jp6-d05e2f64,2014370,2022-07-19T12:33:39.988Z
aid-jp6-ea811912,0701452,2021-11-04T15:51:41.280Z
aid-jp6-3f02bbe6,0037303,2024-03-20T15:11:48.579Z
aid-jp6-02c4f360,2014382,2023-02-13T19:05:05.000Z
aid-jp6-ce4b61f0,2014299,2023-09-01T16:30:36.873Z
aid-jp6-95f4cd57,2014387,2023-08-11T19:29:55.073Z
aid-jp6-e7a17c1e,0709125,2023-04-17T15:01:57.860Z
aid-jp6-b843df83,0685830,2023-06-05T13:04:56.484Z
aid-jp6-93e4c90a,2013842,2023-09-15T19:00:03.442Z
aid-jp6-b2fdac4b,2014315,2021-11-25T03:15:52.676Z
aid-jp6-5a0eca9b,2010987,2022-02-17T17:16:29.966Z
aid-jp6-1351ff59,2010357,2022-03-29T20:18:45.979Z
aid-jp6-83b4b2f5,0710190,2023-03-10T17:50:34.743Z
aid-jp6-22670511,2012606,2024-02-01T17:45:30.750Z
aid-jp6-5bf8fe7d,2003341,2022-04-19T05:40:40.675Z
aid-jp6-40d74eba,2013178,2021-10-19T16:10:05.227Z
aid-jp6-90789d6b,2008938,2024-02-06T18:33:12.000Z
aid-jp6-3c767a53,0649901,2022-09-28T15:55:26.322Z
aid-jp6-eb3275dd,2014171,2023-03-01T01:46:19.698Z
aid-jp6-71f01375,2012918,2024-02-06T18:33:13.000Z
aid-jp6-cd4c93e1,2008041,2022-06-25T13:05:36.761Z
aid-jp6-5b57c401,2013705,2022-10-07T12:16:26.120Z
aid-jp6-ddbeeae2,0705604,2023-01-20T06:16:13.142Z
aid-jp6-b3adedbe,2012474,2023-01-14T22:16:56.086Z
aid-jp6-c999dacb,0694552,2023-09-15T19:00:03.751Z
aid-jp6-47789aac,2009294,2023-03-14T22:24:38.111Z
aid-jp6-2e49a24c,2013864,2022-09-28T15:55:23.065Z
aid-jp6-6c63f76d,2013673,2022-04-15T14:01:22.786Z
aid-jp6-e5c3022d,0656778,2022-08-09T05:07:39.975Z
aid-jp6-8f825a72,0036356,2024-03-20T15:39:39.433Z
aid-jp6-3141e0f1,2013905,2022-05-30T13:04:33.020Z
aid-jp6-6a9dd507,2014177,2022-12-22T06:04:43.902Z
aid-jp6-7fac9b3b,0649080,2022-09-28T15:55:29.469Z
aid-jp6-fb0ddb45,0053269,2022-08-05T19:02:29.084Z
aid-jp6-07b5aef1,2013867,2022-01-10T21:09:57.053Z
aid-jp6-3893719b,2008938,2022-09-28T15:55:37.407Z
aid-jp6-893ffe3e,2007671,2021-10-19T16:09:30.417Z
aid-jp6-76b63a60,2014114,2022-08-23T05:21:19.181Z
aid-jp6-4e67667e,0700602,2022-01-31T14:03:25.648Z
aid-jp6-ecedea24,0695407,2022-05-05T05:11:52.986Z
aid-jp6-f66d3d60,2014468,2022-03-02T06:11:39.989Z
aid-jp6-79b29d1d,2010327,2022-05-16T14:11:56.345Z
aid-jp6-563dd57a,2012953,2023-09-01T17:35:52.497Z
aid-jp6-911e7e41,0647881,2022-01-31T14:03:25.073Z
aid-rk30board-gk1v3my6,2010246,2021-05-18T17:53:38.000Z
aid-rk30board-a0vb7g5k,2009861,2021-04-09T19:15:49.000Z
aid-rk30board-90snmy8f,2010050,2021-04-09T18:33:55.000Z
aid-jp6-0c8e3108,0648814,2022-03-02T06:24:25.887Z
aid-jp6-054d9cab,0706334,2024-03-20T15:12:00.897Z
aid-jp6-53b6f8f1,0711113,2024-02-01T17:45:35.117Z
aid-jp6-0a015b42,0663500,2023-09-01T17:35:47.899Z
aid-jp6-56914694,2006629,2024-01-26T13:52:10.000Z
aid-jp6-e472cccf,2013866,2021-11-22T16:46:55.606Z
aid-jp6-e1ff02f9,0693615,2022-09-29T20:55:16.000Z
aid-jp6-e4cc5ff6,2014067,2022-03-22T00:05:12.015Z
aid-jp6-18a8f6be,2014188,2022-02-03T21:02:51.069Z
aid-jp6-903f46f5,0684259,2022-02-08T22:17:07.841Z
aid-jp6-26499728,2012646,2021-10-21T18:44:10.051Z
aid-jp6-ebc9cacc,2007133,2022-08-05T19:02:37.847Z
aid-jp6-c9c7e5c8,2010485,2022-07-06T14:12:59.390Z
aid-jp6-673c214d,2010647,2022-02-24T01:18:42.072Z
aid-jp6-8a31c65e,2012500,2021-10-20T21:52:43.296Z
aid-jp6-c3fe0aa1,2012991,2022-05-16T14:12:03.948Z
aid-jp6-75da21b1,2014211,2022-11-01T17:19:23.211Z
aid-jp6-09d8a7eb,0705703,2021-12-21T15:03:17.944Z
aid-jp6-a69ddbca,2014255,2023-06-07T13:30:14.000Z
aid-jp6-2594c155,2002389,2023-01-20T06:15:56.092Z
aid-jp6-b44b96ce,0053063,2024-03-20T15:14:33.925Z
aid-jp6-5e85c2d2,2005516,2022-04-22T15:48:10.917Z
aid-jp6-eab39776,0653386,2023-02-20T22:13:06.193Z
aid-jp6-36658080,2003409,2023-10-02T15:15:06.211Z
aid-jp6-0f2af102,2013570,2022-02-10T20:46:41.464Z
aid-jp6-8d22ab4a,0714507,2024-05-17T11:20:10.888Z
aid-jp6-b02a5826,0683410,2024-03-20T15:38:29.976Z
aid-jp6-d123296d,0047203,2022-02-18T15:01:22.869Z
aid-jp6-1a323fce,2001786,2022-01-31T14:03:25.734Z
aid-jp6-362f3ceb,2010816,2022-04-19T05:40:36.657Z
aid-jp6-08bde14a,2013785,2023-12-13T18:31:34.560Z
aid-jp6-65ba6816,2008785,2022-08-22T19:24:38.821Z
aid-jp6-e680b09c,2014474,2023-03-24T23:33:18.012Z
aid-jp6-9190be61,0705482,2023-09-01T16:30:35.152Z
aid-jp6-b3bc8d8f,0053846,2022-06-07T17:37:39.889Z
aid-jp6-27bf177e,2013014,2023-11-21T22:34:24.000Z
aid-jp6-500b714c,2012926,2024-01-17T15:07:29.000Z
aid-jp6-69ffdbdd,2014074,2022-11-07T06:01:08.124Z
aid-jp6-94389761,2012268,2022-07-25T18:53:21.651Z
aid-jp6-1c9889e1,2014283,2022-08-09T05:02:31.008Z
aid-jp6-29143c93,2011524,2023-07-14T20:03:59.758Z
aid-jp6-57282dc5,2003205,2024-06-18T15:33:32.255Z
aid-jp6-3801c1c1,0683072,2022-05-20T15:05:29.232Z
aid-jp6-3c0fbcec,0684418,2024-03-20T15:38:19.781Z
aid-jp6-3dad7ca1,0034625,2024-01-26T16:55:37.000Z
aid-jp6-e41d1dcb,0054175,2022-07-28T12:30:22.612Z
aid-jp6-d12fdc14,0688919,2022-04-15T14:01:20.533Z
aid-jp6-13f260fe,0711269,2022-03-11T20:59:21.140Z
aid-jp6-771f886c,2003396,2023-06-29T00:01:14.836Z
aid-jp6-d0235f8a,2014355,2023-07-18T00:01:52.478Z
aid-jp6-867a3905,2014229,2022-03-23T20:07:48.438Z
aid-jp6-99dbbb56,2012652,2023-09-15T19:00:03.694Z
aid-jp6-0d3bede1,2010980,2023-08-01T15:11:44.564Z
aid-jp6-d53060cc,2013706,2021-12-27T04:03:39.571Z
aid-jp6-bf97b947,2013968,2022-05-25T14:30:16.998Z
aid-jp6-cd5d8f2f,2013785,2023-09-15T19:00:03.929Z
aid-jp6-295913a0,0672595,2023-09-01T16:30:33.709Z
aid-jp6-57027382,2002613,2022-05-30T13:05:16.391Z
aid-jp6-e890b4b8,0687714,2022-08-19T20:11:48.425Z
aid-jp6-0ee2ffeb,2012664,2022-08-11T19:46:08.029Z
aid-jp6-9ff695e2,2014331,2024-01-12T18:35:52.000Z
aid-jp6-72e727b7,2014065,2022-04-15T14:01:20.741Z
aid-jp6-b298474a,2009359,2022-10-14T14:45:02.935Z
aid-jp6-5c088623,2013973,2022-03-03T06:24:02.885Z
aid-jp6-c5ce1d48,2013687,2022-11-24T06:16:40.430Z
aid-jp6-017877f8,2014059,2024-01-18T14:43:28.000Z
aid-rk30board-7rf97wji,2008989,2021-03-27T14:16:22.000Z
aid-jp6-0d019d34,2012665,2023-06-05T13:04:55.994Z
aid-jp6-0724103a,0654426,2022-09-26T17:09:13.285Z
aid-jp6-0219c6d1,0056258,2022-05-16T14:12:05.830Z
aid-jp6-a81cf26c,0043718,2022-01-07T16:04:29.576Z
aid-jp6-43be88de,0672051,2022-05-20T15:05:27.135Z
aid-jp6-f09c615f,0672051,2022-03-09T19:52:53.925Z
aid-jp6-aa4d726b,2012594,2022-05-16T14:11:49.713Z
aid-jp6-3da758b5,0704805,2023-04-27T21:30:04.114Z
aid-jp6-1c2d9244,0042685,2023-09-01T17:35:48.004Z
aid-jp6-c400d618,2010309,2022-08-30T16:49:18.515Z
aid-jp6-4bf87993,0710560,2022-02-16T20:26:46.069Z
aid-jp6-0883ce1b,2010358,2024-01-24T19:09:38.000Z
aid-jp6-9c4d063b,2014461,2023-06-05T13:04:56.186Z
aid-jp6-8f985bf1,2014280,2022-06-17T14:14:44.834Z
aid-jp6-ac2910bf,0703925,2022-06-11T05:09:23.665Z
aid-jp6-b4add68a,2013243,2023-07-14T20:04:01.466Z
aid-jp6-5399d028,2012711,2022-08-19T20:10:26.576Z
aid-jp6-c88f07cc,0692569,2022-03-03T06:25:44.247Z
aid-jp6-17a7c25e,2013121,2022-01-14T17:58:14.580Z
aid-jp6-23cb7c87,0683081,2024-03-20T15:35:39.205Z
aid-jp6-07bff378,0673846,2023-01-14T22:16:56.195Z
aid-jp6-e149c144,2013243,2023-04-27T21:30:04.034Z
aid-jp6-eb383f46,0669093,2023-08-11T19:29:55.525Z
aid-jp6-e4039448,2005250,2024-02-01T17:45:36.554Z
aid-jp6-a231f195,0701383,2024-02-02T01:51:30.000Z
aid-jp6-6d543f11,2003182,2023-09-13T00:12:55.000Z
aid-jp6-fccb42e2,2014205,2022-01-10T21:10:05.077Z
aid-jp6-3b30a398,2007067,2022-03-09T18:49:02.718Z
aid-jp6-4492f72e,2010848,2022-09-28T15:55:34.728Z
aid-jp6-686d12e2,0699482,2022-06-20T18:53:26.272Z
aid-jp6-1f956a49,0025280,2022-02-07T13:44:46.193Z
aid-jp6-d48ff5fb,0023442,2024-03-20T15:35:35.866Z
aid-jp6-97cdc577,0037875,2023-06-23T17:02:24.103Z
aid-jp6-5043364f,2012653,2021-11-29T19:48:34.375Z
aid-jp6-989b7afc,2011339,2021-10-19T16:10:03.472Z
aid-jp6-49ef610f,0049884,2022-01-01T04:22:24.964Z
aid-jp6-2d45c8d8,0692093,2022-07-28T12:30:23.609Z
aid-jp6-6a1236a1,0051589,2021-12-13T16:00:27.339Z
aid-jp6-45aee675,2009359,2024-02-10T04:50:46.000Z
aid-jp6-2a13d085,2013970,2024-03-20T15:39:52.998Z
aid-jp6-36a54e0f,2012665,2022-04-01T11:59:38.065Z
aid-jp6-136704fa,2013148,2021-10-19T16:09:50.187Z
aid-jp6-c785b0a1,0699268,2023-09-01T16:30:33.809Z
aid-rk30board-hvj2xsa6,2007919,2021-06-13T01:11:10.000Z
aid-jp6-24324343,2011462,2024-03-20T15:13:28.163Z
aid-jp6-d123b1b8,0049264,2021-12-20T18:47:18.969Z
aid-jp6-2d6aae6c,2007956,2022-01-10T19:15:11.903Z
aid-jp6-a6b3b8be,2011612,2023-01-14T22:16:55.990Z
aid-jp6-e69c1b06,2012268,2024-01-26T04:55:52.000Z
aid-jp6-7e9f02cc,2009702,2024-03-20T15:38:11.740Z
aid-jp6-8a019572,2006936,2024-03-20T15:11:34.334Z
aid-jp6-5a7fbf1d,0056539,2024-03-20T15:37:58.783Z
aid-jp6-e605fa46,0053063,2022-01-03T20:26:51.464Z
aid-jp6-9bd4842c,0694796,2022-01-25T21:30:02.743Z
aid-jp6-24acebc1,0700229,2022-01-04T14:48:31.831Z
aid-jp6-c50faabf,2012664,2022-04-15T14:01:22.676Z
aid-jp6-34b0e444,2014134,2021-11-05T13:20:02.742Z
aid-jp6-d4c6dd0b,2008866,2024-01-18T15:40:49.000Z
aid-jp6-58d1185f,2008289,2022-09-09T20:19:28.066Z
aid-jp6-fa90d9e7,2013190,2022-09-10T13:55:44.584Z
aid-jp6-c0aeed4b,2014202,2022-03-03T06:42:01.602Z
aid-jp6-c7899592,2014023,2023-08-11T19:29:55.416Z
aid-jp6-9e2fd88f,2014241,2023-12-19T18:38:43.000Z
aid-jp6-24874d01,2010929,2021-10-29T16:08:17.933Z
aid-jp6-a234bec9,2013598,2023-09-01T17:35:47.962Z
aid-jp6-e4a9b679,0670581,2022-05-20T05:24:39.807Z
aid-jp6-73ee353d,2009280,2022-09-09T05:25:59.884Z
aid-jp6-d6dd84c0,0670776,2023-04-27T21:30:03.969Z
aid-jp6-2454badf,0703066,2022-06-20T18:53:21.753Z
aid-jp6-392753ac,2014147,2022-01-06T15:21:54.834Z
aid-jp6-f47a0281,2012729,2022-11-04T05:20:34.026Z
aid-jp6-7dad421a,2001426,2022-11-05T05:03:22.532Z
aid-jp6-fa4997fe,2013060,2024-03-20T15:12:44.392Z
aid-jp6-ed5d860b,2014027,2023-08-11T19:29:55.486Z
aid-jp6-0521792c,2013098,2022-08-05T19:02:30.564Z
aid-jp6-e2344663,2014252,2023-01-14T22:16:56.330Z
aid-jp6-9646d699,2014459,2022-03-10T18:01:40.494Z
aid-jp6-afe2fe79,2014170,2022-06-11T05:03:32.132Z
aid-jp6-d55f2c0d,2011692,2022-02-27T06:26:26.646Z
aid-jp6-c56832f9,2013516,2023-09-01T16:30:39.534Z
aid-jp6-b6074333,2014419,2024-06-18T16:42:06.089Z
aid-jp6-15e110aa,2009160,2024-06-18T15:35:46.283Z
aid-jp6-b3afa194,2010285,2022-09-26T17:08:28.221Z
aid-jp6-bc698889,2013269,2023-09-01T16:30:33.961Z
aid-jp6-db6536e6,0705350,2022-08-05T19:02:30.330Z
aid-jp6-a48ad924,0711129,2022-04-26T17:50:06.059Z
aid-jp6-cc5676c3,2014278,2024-03-20T15:37:55.537Z
aid-jp6-8427ca43,2012038,2023-06-05T13:04:56.302Z
aid-jp6-5cdaf743,0707818,2022-05-20T15:06:10.968Z
aid-jp6-dd748afc,0685689,2022-01-10T21:09:45.466Z
aid-jp6-777c4cc9,2009600,2022-05-16T14:11:56.348Z
aid-jp6-2544df59,2013494,2023-09-01T16:30:38.143Z
aid-jp6-4bc07a0f,2014466,2023-06-23T17:05:45.915Z
aid-jp6-7500b2bd,0703349,2023-12-18T19:11:11.000Z
aid-jp6-a0eea0c9,2012867,2023-04-27T21:30:04.080Z
aid-jp6-752e3009,2011625,2024-03-20T15:12:52.587Z
aid-jp6-92d48972,0701171,2024-02-22T20:24:56.339Z
aid-jp6-2a087ce7,2011104,2023-07-14T20:03:59.630Z
aid-jp6-e473578c,2010281,2023-06-05T13:04:56.306Z
aid-jp6-6f297d13,2014455,2022-07-10T05:06:50.779Z
aid-jp6-0fe2a2e2,2014224,2022-08-05T19:02:33.186Z
aid-jp6-89e615fe,0668950,2022-02-17T17:16:32.989Z
aid-jp6-a6cf29e9,0712658,2022-08-02T19:56:58.412Z
aid-jp6-1c83f09c,2014337,2022-07-27T18:52:02.000Z
aid-jp6-e95c95e0,2014225,2022-01-20T15:59:17.816Z
aid-jp6-238d86e5,2012683,2022-02-16T15:58:58.740Z
aid-jp6-e5ef27ac,2003181,2022-03-03T06:23:18.803Z
aid-jp6-c563ac91,2008618,2023-09-01T17:35:47.880Z
aid-jp6-b4c16e82,0697046,2021-12-11T18:57:36.366Z
aid-jp6-284bc15f,2012130,2023-07-14T20:03:59.334Z
aid-jp6-7d1f28c8,2012610,2022-09-26T13:44:25.911Z
aid-jp6-6581ffa9,2012843,2024-01-06T00:19:53.000Z
aid-jp6-826274db,2014408,2022-09-10T05:09:45.614Z
aid-jp6-0d767c5e,2014409,2022-07-14T13:06:33.378Z
aid-jp6-587393d1,2014253,2022-03-18T17:26:34.355Z
aid-jp6-5fed295c,2014180,2023-07-07T18:56:45.938Z
aid-jp6-8238b9d8,0682128,2022-01-18T14:55:01.604Z
aid-jp6-05a3b905,0675700,2022-08-05T19:02:36.566Z
aid-jp6-1bbd7f3b,2014329,2024-05-17T12:46:50.631Z
aid-jp6-9aa19352,2010285,2024-03-20T15:38:34.643Z
aid-jp6-27a4c62c,2011904,2022-03-02T06:35:07.406Z
aid-jp6-4bf0f638,2014176,2022-08-19T13:27:54.426Z
aid-jp6-510f77f0,2012071,2022-09-28T15:55:31.015Z
aid-jp6-9b3c49ba,0702479,2022-02-24T20:45:12.355Z
aid-jp6-870b1609,2010604,2024-01-04T21:22:03.922Z
aid-jp6-3932f17d,0047891,2022-07-29T13:17:30.589Z
aid-jp6-85854e3d,2007701,2024-01-05T19:19:51.000Z
aid-jp6-fb299b43,2012300,2022-12-21T16:32:40.401Z
aid-jp6-65c10b0f,0687319,2022-09-28T15:55:36.786Z
aid-jp6-4670ca0c,2004791,2022-01-22T00:33:47.942Z
aid-jp6-782c6dd8,2006942,2022-09-28T15:55:05.732Z
aid-jp6-548d7ab5,0704086,2023-07-14T20:03:59.778Z
aid-jp6-e230754d,2013595,2022-03-03T06:43:22.399Z
aid-jp6-f40aad12,2014303,2023-07-21T18:50:43.650Z
aid-jp6-5a68a03b,0036365,2021-12-21T15:46:30.746Z
aid-jp6-8c1933c9,2013059,2022-08-19T20:11:52.391Z
aid-jp6-5fdcd3d8,2012957,2023-09-15T19:00:03.905Z
aid-jp6-76545a5d,2012672,2022-05-24T21:02:14.500Z
aid-jp6-510ca599,0697046,2023-07-14T20:03:59.272Z
aid-jp6-89de2fec,0710087,2023-09-01T16:30:33.782Z
aid-jp6-314d34e5,0710850,2023-07-14T20:03:59.623Z
aid-jp6-58e72c42,2012417,2022-09-28T15:55:21.079Z
aid-jp6-7e4b3d98,2012071,2023-08-04T19:16:55.907Z
aid-jp6-afd5e629,2008078,2022-02-27T06:23:14.326Z
aid-jp6-6d4c1853,2012070,2023-01-14T22:16:56.134Z
aid-jp6-a3b27b31,0692253,2022-02-17T17:16:31.549Z
aid-jp6-a2e382df,2012046,2022-08-05T19:02:31.197Z
aid-jp6-d94fd28f,2003228,2022-04-26T17:50:06.497Z
aid-jp6-5d96fe8b,2010089,2022-08-16T05:07:55.161Z
aid-jp6-12b6de92,2014407,2022-05-16T14:12:07.724Z
aid-jp6-deb399bd,2012483,2022-07-28T12:30:23.887Z
aid-jp6-282eb79a,0712506,2023-12-29T14:35:42.000Z
aid-jp6-e7565d09,0684384,2024-03-20T15:13:59.706Z
aid-jp6-2fbc0b0a,2013819,2024-03-20T15:53:14.561Z
aid-jp6-657c4e89,2009188,2022-03-30T05:03:14.168Z
aid-jp6-32725c23,2010118,2024-02-06T18:33:13.000Z
aid-jp6-3833f26e,2014032,2024-02-01T17:45:30.763Z
aid-jp6-34699155,2013850,2024-01-04T21:22:03.934Z
aid-jp6-717a11b4,0712658,2022-09-28T15:55:19.142Z
aid-jp6-81b0e5a9,2008290,2022-08-18T05:44:01.437Z
aid-jp6-4efa9a0b,2012843,2022-02-08T15:57:10.931Z
aid-jp6-329c1fc4,2013094,2023-09-20T17:19:47.000Z
aid-jp6-b5479878,2013792,2023-07-14T20:04:02.270Z
aid-jp6-96995943,2011596,2023-01-16T16:22:55.000Z
aid-jp6-c8a080b5,2009861,2022-02-14T20:36:06.828Z
aid-jp6-4dc5fc22,2003331,2024-03-20T15:35:58.352Z
aid-jp6-058bd2e0,2002648,2022-02-17T17:44:28.254Z
aid-jp6-287ecd0b,0713947,2024-03-20T15:37:00.833Z
aid-jp6-799eb89c,2013792,2022-08-09T05:22:26.884Z
aid-jp6-98152ab0,2010836,2022-12-21T16:32:23.328Z
aid-jp6-3bc87e3c,0686420,2022-08-05T19:02:29.387Z
aid-jp6-89cd161d,2010837,2022-08-10T13:47:21.168Z
aid-jp6-6f77ca8b,2013098,2023-06-05T13:04:56.544Z
aid-jp6-32794ead,0040940,2022-08-30T19:49:27.237Z
aid-jp6-c28c3496,0683606,2022-06-17T14:14:46.018Z
aid-jp6-c53b2320,2014017,2022-09-28T15:55:36.451Z
aid-jp6-4b54c7e4,0683606,2022-03-23T20:07:49.234Z
aid-jp6-c000b128,2013108,2024-02-01T17:45:30.879Z
aid-jp6-e385d43a,2012229,2024-03-20T15:14:32.644Z
aid-jp6-752f48e6,2003101,2022-03-11T13:24:41.279Z
aid-jp6-9b2ee72a,0683705,2023-08-18T20:59:17.434Z
aid-jp6-c08e63d6,0048034,2023-09-01T16:30:33.124Z
aid-jp6-cf9435e8,2012522,2022-03-31T16:31:57.174Z
aid-jp6-0e27f7d4,2013599,2022-04-12T17:38:55.179Z
aid-jp6-9f7cbc8f,0056391,2022-03-29T20:18:46.143Z
aid-jp6-b3d967af,0037768,2022-03-29T20:18:46.057Z
aid-jp6-e13c05ab,0709042,2023-02-02T13:34:39.874Z
aid-jp6-a74ae6dd,2013854,2023-09-01T16:30:33.611Z
aid-jp6-c47883aa,2005581,2024-06-18T15:36:31.205Z
aid-jp6-9656f4d0,0671451,2024-06-18T15:37:47.909Z
aid-jp6-a9dd0b78,0686212,2022-05-21T14:57:17.309Z
aid-jp6-35f27eb0,2014293,2024-05-17T12:45:36.960Z
aid-jp6-c1fd475d,2005741,2021-10-19T16:09:36.251Z
aid-jp6-8b9beef1,0034294,2023-09-01T16:30:33.839Z
aid-jp6-f3665e5d,0668583,2023-04-14T13:29:08.821Z
aid-jp6-fc15ebf3,0698802,2024-02-13T07:11:36.991Z
aid-jp6-0c904b36,2014394,2022-08-19T20:20:00.095Z
aid-jp6-7740c2ed,2005971,2023-09-15T19:00:03.624Z
aid-jp6-e6ffa6cf,2013755,2022-08-19T20:10:26.514Z
aid-jp6-8755ff45,0026864,2022-02-08T14:15:02.796Z
aid-jp6-f29e9d2b,2013876,2022-06-11T05:09:31.353Z
aid-jp6-83781e19,2014469,2023-10-05T00:55:19.487Z
aid-jp6-70ba96e2,0666208,2022-07-20T23:13:37.564Z
aid-jp6-2f2d3975,2011705,2023-04-07T13:26:40.100Z
aid-jp6-25e56301,2011032,2023-08-11T19:29:54.770Z
aid-jp6-a4b1ccb6,2006110,2021-08-24T14:09:46.543Z
aid-jp6-24666f9d,2014353,2023-03-01T17:38:28.915Z
aid-rk30board-jbcayutb,2008163,2021-03-15T14:58:20.000Z
aid-rk30board-jyjunaf1,2009948,2021-02-22T14:21:24.000Z
aid-jp6-71af884d,2007560,2023-01-20T06:02:52.361Z
aid-jp6-9806eccb,2013507,2023-09-01T16:30:33.600Z
aid-jp6-00e976c6,2013531,2022-03-03T06:28:01.549Z
aid-jp6-db8f3762,2014353,2022-08-18T06:23:41.579Z
aid-jp6-c84e3ad8,2013327,2023-09-01T16:30:33.657Z
aid-jp6-b91927f0,2009341,2024-02-10T02:50:12.000Z
aid-jp6-b00767ff,2003501,2022-09-26T17:08:56.636Z
aid-jp6-215c3453,0050833,2022-07-01T13:41:14.897Z
aid-jp6-e25e5e16,2003916,2024-02-01T17:45:33.630Z
aid-jp6-99697a4c,0031795,2021-10-15T21:32:37.280Z
aid-jp6-fe0e2135,0041554,2024-03-20T15:14:45.710Z
aid-jp6-40f3467b,2002065,2022-09-08T10:15:07.344Z
aid-jp6-bf5f718b,2009472,2023-04-27T21:28:51.475Z
aid-jp6-45fc4015,2014444,2021-11-17T20:32:32.461Z
aid-jp6-c3a4ce7d,0045601,2024-05-17T11:18:19.772Z
aid-jp6-7e5dc315,2005447,2024-05-17T11:20:21.406Z
aid-jp6-2e9dd672,2014418,2022-08-09T05:04:52.832Z
aid-jp6-ac8e8c17,2013353,2022-04-21T13:02:19.840Z
aid-jp6-ae71aecd,2012511,2022-03-03T06:23:43.459Z
aid-jp6-b3e7267b,0709634,2022-08-05T19:02:38.175Z
aid-jp6-687a0371,2001600,2023-07-14T20:04:00.053Z
aid-jp6-dfb707e0,2012105,2023-10-31T16:21:38.000Z
aid-jp6-e47f895e,0649012,2023-04-27T21:30:03.846Z
aid-jp6-4b5ad9a5,0656373,2023-04-27T21:29:04.485Z
aid-jp6-accf7052,0660884,2023-09-01T17:35:47.986Z
aid-jp6-d7ad1e7e,2013936,2022-11-07T06:01:16.234Z
aid-jp6-6d262528,0658480,2022-09-15T01:19:15.887Z
aid-jp6-ee52bc15,0018341,2024-03-20T15:37:24.937Z
aid-jp6-67c61823,2014380,2023-01-03T15:59:42.527Z
aid-jp6-3eaa922f,0017889,2023-07-30T13:48:43.000Z
aid-jp6-c664f18f,2014445,2022-07-05T13:55:54.758Z
aid-jp6-2b2b94cb,0034300,2021-12-10T19:09:10.223Z
aid-jp6-b82e23b1,2014083,2023-12-15T15:11:13.000Z
aid-jp6-450bf9ce,0018223,2021-12-08T04:22:33.869Z
aid-jp6-261aa25f,2003626,2022-08-22T19:24:41.619Z
aid-jp6-79dd51a6,0693938,2023-08-11T19:29:55.544Z
aid-jp6-6a48a700,0713772,2022-09-26T18:12:58.600Z
aid-jp6-67ff361d,0051743,2023-07-20T12:42:22.000Z
aid-jp6-1f08ed1a,0054230,2022-05-16T14:12:13.307Z
aid-jp6-6c36f1fc,0055977,2022-06-02T17:46:03.939Z
aid-jp6-c65b7aed,2007503,2024-03-20T15:14:38.507Z
aid-jp6-259145b1,0040420,2022-03-29T20:18:50.575Z
aid-jp6-aa1c1e61,0696181,2021-12-06T20:23:07.620Z
aid-jp6-3bd3c1ef,0710265,2021-10-13T18:13:46.700Z
aid-rk30board-09i5pfsw,0699096,2021-04-09T18:57:20.000Z
aid-rk30board-ypse7h81,0684121,2021-03-16T14:06:30.000Z
aid-rk30board-6cy0kddr,2009644,2021-01-12T20:25:32.000Z
aid-jp6-5177fb35,0698105,2024-02-01T17:45:31.916Z
aid-jp6-170c231b,0715013,2022-07-28T12:30:22.126Z
aid-jp6-38ac9c81,2012719,2024-02-01T17:45:30.921Z
aid-jp6-b8eb855f,2012094,2024-03-20T15:13:53.690Z
aid-jp6-bf0141b0,0024202,2022-01-19T23:19:12.036Z
aid-jp6-0050ed8e,0715145,2022-04-04T21:26:09.590Z
aid-jp6-5d9e367c,0018218,2024-03-20T15:11:01.739Z
aid-jp6-04b17878,0672716,2024-02-06T18:33:12.000Z
aid-jp6-9f671f3f,2014000,2022-04-21T18:33:15.814Z
aid-jp6-e092432b,2014421,2024-02-06T18:52:04.000Z
aid-jp6-c590f9ff,2013555,2023-09-27T18:51:36.487Z
aid-jp6-d0abbddc,0657507,2024-03-20T15:14:28.861Z
aid-jp6-4e3ff5c7,2014384,2024-03-20T15:11:01.812Z
aid-jp6-7ac4193e,0688267,2024-03-20T15:39:35.783Z
aid-jp6-47537f09,2014351,2022-10-31T13:37:06.986Z
aid-jp6-14a857a0,2011204,2022-09-28T15:55:13.460Z
aid-jp6-ab2f7c8c,2013876,2021-10-19T18:34:32.695Z
aid-jp6-226d6fd7,0056395,2020-08-07T16:20:30.000Z
aid-jp6-49ea5e67,2010203,2022-11-12T06:03:48.964Z
aid-jp6-563530d5,0696666,2024-01-04T21:22:04.008Z
aid-jp6-3100561a,2011616,2021-10-19T16:10:05.477Z
aid-jp6-395af8ba,2011793,2023-03-24T00:01:16.999Z
aid-jp6-916d84e5,2013991,2022-02-15T20:24:19.525Z
aid-jp6-51b87c20,2012465,2021-10-15T06:35:29.878Z
aid-jp6-c295113b,0703106,2022-01-24T16:07:38.942Z
aid-jp6-d8e616cf,0661030,2022-01-31T14:03:25.697Z
aid-jp6-32f6c252,2013594,2023-01-14T19:49:22.593Z
aid-jp6-b1110a66,2011760,2022-08-05T19:02:30.016Z
aid-jp6-bc3cf7e2,2012308,2022-08-27T15:31:14.397Z
aid-jp6-64617ec2,2009184,2022-04-15T14:01:22.188Z
aid-jp6-8f111910,0022832,2022-01-26T21:26:00.156Z
aid-jp6-82e4a215,2002588,2022-03-02T06:30:21.312Z
aid-jp6-16d90f84,2012701,2022-03-23T20:09:46.389Z
aid-jp6-b35e4108,0654331,2023-09-01T17:35:52.486Z
aid-jp6-cb0d8fb5,2013560,2023-01-11T06:09:06.573Z
aid-jp6-f514726d,2013972,2023-08-11T18:50:37.567Z
aid-jp6-598b63f2,2014201,2022-09-28T15:55:33.103Z
aid-jp6-da45375b,2014420,2024-06-18T16:44:09.025Z
aid-jp6-c559a772,0663490,2021-12-29T07:45:03.024Z
aid-jp6-50642108,2013751,2022-04-20T05:14:29.534Z
aid-jp6-675292c2,2012806,2023-08-01T15:11:44.442Z
aid-jp6-365aca3f,0703640,2024-03-20T15:37:32.370Z
aid-jp6-ec8e9638,2013545,2022-05-23T22:13:06.603Z
aid-jp6-41c71f63,2013751,2022-03-02T06:11:27.454Z
aid-jp6-73374665,0054263,2022-05-31T18:37:02.910Z
aid-jp6-91ef937b,2007224,2021-10-14T05:15:51.203Z
aid-jp6-d8037d99,2011455,2023-06-05T13:04:56.248Z
aid-jp6-0719a138,0704656,2023-09-01T17:35:47.565Z
aid-jp6-27a7896c,0706010,2023-07-14T20:04:01.830Z
aid-jp6-40469c1d,0672655,2023-09-15T19:00:03.447Z
aid-jp6-10b3be88,0706429,2023-07-20T12:42:21.000Z
aid-jp6-ae08ffed,2011873,2024-03-20T15:41:27.467Z
aid-jp6-55f9729d,0659860,2022-03-03T06:24:34.184Z
aid-jp6-d50e5793,2012569,2022-05-03T17:05:00.918Z
aid-jp6-0ac3af2a,2014457,2022-02-09T14:32:36.672Z
aid-jp6-b7dd9213,2011604,2023-11-09T22:47:25.256Z
aid-jp6-e0ff26a0,2007322,2022-05-16T14:11:50.855Z
aid-jp6-4bdc44fa,2009238,2021-10-19T16:10:05.785Z
aid-jp6-d5a97f76,2010899,2021-10-21T21:00:37.000Z
aid-rk30board-ejda4y9n,2010065,2021-03-20T21:30:27.000Z
aid-rk30board-j6f0uvdb,2008129,2021-02-04T18:57:07.000Z
aid-rk30board-vpdwsbvh,2003341,2021-04-14T23:37:03.000Z
aid-jp6-29429ada,2014406,2022-09-28T15:55:30.312Z
aid-jp6-6f6a1dde,2012540,2023-09-01T16:30:37.543Z
aid-jp6-ba4f6825,2013362,2024-03-20T15:36:48.085Z
aid-jp6-e7d63f21,2014019,2023-07-14T20:03:59.271Z
aid-jp6-9d9f4600,2010420,2023-05-17T23:19:03.000Z
aid-jp6-473e30e6,2011511,2021-11-02T15:29:18.666Z
aid-jp6-31f9d3f8,2013893,2022-03-23T12:25:25.898Z
aid-jp6-0b68c702,2013895,2022-06-27T18:43:15.323Z
aid-jp6-54c386cb,2013018,2023-08-11T19:29:55.072Z
aid-jp6-021f8260,0702850,2022-01-20T22:21:23.986Z
aid-jp6-a7a32118,2014069,2022-09-28T15:55:29.738Z
aid-jp6-6b391937,0694315,2024-03-20T15:37:34.577Z
aid-jp6-b112f74b,0700360,2024-02-01T17:45:31.621Z
aid-jp6-53c5c12c,0696124,2024-03-20T15:41:31.483Z
aid-jp6-ead0b315,0698255,2024-05-17T11:21:18.853Z
aid-jp6-8637592d,2005203,2022-03-08T16:26:31.696Z
aid-jp6-524e4478,2014173,2022-09-09T20:23:10.080Z
aid-jp6-e4d5aa47,2005043,2024-05-17T11:19:35.715Z
aid-jp6-bba0922d,0688814,2023-08-11T19:29:55.446Z
aid-jp6-daf4a912,2011443,2023-06-05T13:04:56.390Z
aid-jp6-db71d775,2013821,2023-06-05T13:04:56.400Z
aid-jp6-48d90550,2010017,2024-01-17T15:00:18.000Z
aid-jp6-408a1d37,0046081,2022-01-31T14:03:25.719Z
aid-jp6-2d3ea449,2007070,2023-02-27T19:40:27.182Z
aid-jp6-23b012c9,2011458,2022-09-28T15:55:27.389Z
aid-jp6-cba65de7,2013259,2023-08-01T15:11:44.442Z
aid-jp6-961e6704,2014110,2024-03-20T15:13:53.804Z
aid-jp6-4778e548,2013030,2023-04-27T21:30:04.051Z
aid-jp6-59f96498,0050005,2023-01-27T23:11:13.774Z
aid-jp6-ac5d33e9,2012334,2022-09-28T15:55:05.491Z
aid-jp6-81fe89dc,2011839,2022-07-14T12:21:01.306Z
aid-jp6-f5afc561,2011473,2021-12-17T16:12:20.652Z
aid-jp6-6cebebcb,0042013,2022-07-28T12:30:18.887Z
aid-jp6-e9332ba9,2010028,2022-01-19T15:56:57.102Z
aid-jp6-3306af43,2014264,2021-11-16T00:45:10.569Z
aid-jp6-1019eade,2013696,2023-11-16T00:45:08.000Z
aid-jp6-8c5d0c82,0017599,2023-09-15T19:00:04.033Z
aid-jp6-852b19bf,0046066,2022-05-16T14:12:06.840Z
aid-jp6-6bc779cb,2011604,2022-06-08T14:37:59.689Z
aid-jp6-d32a7bfd,2013314,2023-09-01T17:35:47.440Z
aid-jp6-97572293,0682918,2023-01-22T16:49:44.355Z
aid-jp6-c7cb1919,2013567,2021-10-14T13:18:33.236Z
aid-jp6-522c5585,0693889,2023-04-27T21:31:05.447Z
aid-jp6-60cc381f,0706869,2022-05-09T11:07:50.443Z
aid-jp6-3c55ccfc,2011572,2022-12-20T06:03:08.971Z
aid-jp6-2b3592e2,2013189,2022-08-16T05:07:50.058Z
aid-jp6-55e5a843,2014173,2022-03-29T20:18:50.294Z
aid-jp6-a3a150a5,2014210,2022-04-20T05:19:31.429Z
aid-rk30board-14te1103,2010087,2021-03-25T01:06:12.000Z
aid-rk30board-dbi2ib27,0690799,2021-03-19T23:36:10.000Z
aid-rk30board-s0iuywgn,2003524,2021-02-24T01:50:46.000Z
aid-rk30board-uba9w8cu,0711968,2021-02-23T21:46:05.000Z
aid-rk30board-auwh37k4,2009879,2021-02-12T12:49:36.000Z
aid-rk30board-3286bfwn,0660208,2021-01-06T00:24:09.000Z
aid-rk30board-gd7a4bip,2009796,2021-06-22T16:39:24.000Z
aid-rk30board-7w8vehup,2007305,2020-05-30T18:17:09.000Z
aid-jp6-d9c9bc9a,2010716,2022-08-19T20:11:51.030Z
aid-jp6-ab6dfb5c,2004535,2022-03-02T06:15:47.811Z
aid-jp6-0a5c9cec,0714971,2023-07-14T20:03:59.517Z
aid-jp6-ba4e7d50,2013567,2024-02-01T17:45:31.344Z
aid-jp6-ce09f2a8,2014452,2023-04-14T17:57:07.722Z
aid-jp6-84586d01,2011511,2022-09-01T19:19:32.483Z
aid-jp6-494f73e1,0018752,2022-01-21T06:08:22.851Z
aid-jp6-4bb61d3e,0650877,2024-03-20T15:40:06.854Z
aid-jp6-81f46ea4,2014194,2023-12-14T16:19:29.000Z
aid-jp6-86f64d6b,0694925,2021-10-21T20:27:00.670Z
aid-jp6-2e1891f2,2001430,2023-07-14T20:04:00.967Z
aid-jp6-f407111e,2010523,2023-05-05T21:31:12.713Z
aid-jp6-c33d00a4,0649402,2024-03-20T15:15:07.110Z
aid-jp6-5e061a12,0711074,2024-03-20T15:13:12.884Z
aid-jp6-3d84b791,2006559,2024-03-20T15:11:01.883Z
aid-jp6-9d9d5714,2014044,2024-03-20T15:14:49.640Z
aid-jp6-026d2654,0709214,2024-03-20T16:06:57.408Z
aid-jp6-dc86931a,2011939,2024-03-20T16:06:27.322Z
aid-jp6-3def7bb3,0672790,2024-03-20T15:14:48.961Z
aid-jp6-f2947dec,0693889,2022-03-03T06:27:12.115Z
aid-jp6-b0cd41e9,2003967,2022-03-11T20:59:23.404Z
aid-jp6-e099a05a,0680024,2022-03-21T13:01:10.582Z
aid-jp6-bcd23853,2013934,2024-01-19T14:25:33.000Z
aid-jp6-f36eec11,2012384,2022-09-28T15:55:15.582Z
aid-jp6-f6df2db0,2013244,2022-03-24T20:34:42.562Z
aid-jp6-55ac6377,0690152,2021-10-21T20:35:54.325Z
aid-jp6-a53a527d,2013786,2023-06-05T13:04:56.452Z
aid-jp6-e57a2e38,0681300,2024-02-01T17:45:30.499Z
aid-jp6-e3c0a108,2013272,2022-03-03T06:25:05.320Z
aid-jp6-19258ff3,2011936,2024-06-18T15:34:43.538Z
aid-jp6-b35c06c2,2014336,2023-09-01T16:30:40.892Z
aid-jp6-91703564,0698833,2024-02-06T18:33:12.000Z
aid-jp6-2cd8fd43,0711485,2022-01-04T14:48:31.058Z
aid-jp6-cdacdfda,0017890,2024-02-01T17:45:30.855Z
aid-jp6-4370dd8c,0679686,2023-09-01T16:30:33.927Z
aid-jp6-0481368c,0021052,2022-08-02T19:34:08.971Z
aid-jp6-64fa2f73,2012654,2022-11-11T06:18:48.055Z
aid-jp6-f614d24d,0681997,2022-09-26T18:12:59.776Z
aid-jp6-a13b0822,2013067,2024-05-17T12:53:21.909Z
aid-jp6-41a3bf55,0041516,2023-01-14T06:13:56.420Z
aid-jp6-74b62c5f,2014186,2022-07-25T18:53:08.780Z
aid-jp6-67aa66b2,0706982,2022-08-19T20:11:24.181Z
aid-jp6-f731322c,0039156,2022-11-08T16:44:22.626Z
aid-jp6-46f7c5ce,0667521,2022-07-28T12:30:22.989Z
aid-jp6-12304458,0030318,2022-08-10T15:16:27.466Z
aid-jp6-15bede50,2013307,2023-06-05T13:04:56.009Z
aid-jp6-a38a27e7,0703568,2022-03-24T13:28:02.912Z
aid-jp6-a3fe3f59,2009233,2023-09-01T17:35:49.003Z
aid-jp6-afe1f2f8,2012994,2022-09-28T15:55:16.531Z
aid-jp6-b55fb18d,2008611,2022-04-20T18:18:45.020Z
aid-jp6-10dbf4c9,2008655,2021-10-20T22:06:36.463Z
aid-jp6-8fccdabc,2012745,2022-09-28T15:55:06.480Z
aid-jp6-bdb6dbe2,0648270,2024-06-18T15:34:04.962Z
aid-jp6-369b37cf,0705598,2024-06-18T15:33:36.699Z
aid-jp6-24456db5,2014279,2024-06-18T15:33:46.741Z
aid-jp6-196d0311,0714246,2021-10-19T18:39:18.521Z
aid-jp6-100c3686,0690788,2023-06-15T16:37:39.874Z
aid-jp6-c2c1161d,0682969,2022-01-20T13:12:11.320Z
aid-jp6-9238ca0e,0703568,2022-08-19T20:11:10.783Z
aid-jp6-84819378,0673866,2023-09-01T16:30:33.589Z
aid-jp6-edcc1c62,0688446,2024-03-20T15:37:12.586Z
aid-jp6-e7153707,2011847,2022-01-23T04:17:35.983Z
aid-jp6-1a2e2f3c,0673796,2021-11-29T05:09:00.262Z
aid-jp6-f581c25b,2011696,2023-07-14T20:04:00.517Z
aid-jp6-6d77605b,2012816,2022-10-10T18:53:57.757Z
aid-jp6-d45683e3,2006604,2023-10-10T17:10:21.000Z
aid-jp6-c5b37e1a,2012636,2022-05-16T14:12:04.835Z
aid-jp6-c3d7b4e1,2012394,2022-03-03T06:27:53.686Z
aid-jp6-936d7de5,0684646,2024-03-20T15:11:42.502Z
aid-jp6-c2af9d29,2012533,2022-07-01T13:41:13.616Z
aid-jp6-b3d98742,0700829,2022-09-28T15:55:18.932Z
aid-rk30board-np45x3mx,0682149,2021-03-02T00:26:19.000Z
aid-rk30board-sttee7ac,2009702,2020-11-20T22:19:42.000Z
aid-rk30board-nnd9fr39,2005516,2021-04-09T23:17:19.000Z
aid-rk30board-y9e71x6m,0678433,2021-04-04T20:04:01.000Z
aid-jp6-ad348b83,0694227,2022-03-24T14:55:30.998Z
aid-jp6-468eaf3c,2013035,2022-03-15T00:21:45.432Z
aid-jp6-e8e4d960,0694123,2023-06-05T15:02:27.000Z
aid-jp6-c6dbf5cc,0689810,2021-12-16T19:11:44.654Z
aid-jp6-cb2dab7e,0674526,2022-02-15T15:53:10.769Z
aid-jp6-a8a0edce,2009387,2022-12-15T06:08:02.135Z
aid-jp6-8e2a1408,0700396,2023-07-21T18:47:53.683Z
aid-jp6-0eb1beca,2008121,2024-02-01T17:45:30.755Z
aid-jp6-3bb0e3ca,0038380,2022-06-28T20:51:09.769Z
aid-jp6-3eb9e80f,0673625,2024-02-06T14:52:59.000Z
aid-jp6-36adc9b3,0715203,2022-03-21T18:29:43.878Z
aid-jp6-e526aa8c,0685807,2022-07-20T05:01:51.965Z
aid-jp6-56a76c54,0026585,2022-01-07T18:00:40.118Z
aid-jp6-0b1a6dee,0026585,2023-09-15T19:00:03.458Z
aid-jp6-713752d0,0702110,2024-02-06T18:33:14.000Z
aid-jp6-4a7fea81,0660863,2022-03-03T06:38:54.362Z
aid-jp6-1baab3f4,2010211,2024-03-20T15:11:39.436Z
aid-jp6-4366f483,0714240,2022-07-25T18:53:41.067Z
aid-jp6-f4b75182,2013342,2022-08-19T20:10:33.818Z
aid-jp6-fca12142,0707821,2023-09-15T19:00:03.754Z
aid-jp6-8b1b8262,0706645,2022-07-20T20:39:04.839Z
aid-jp6-e95bb337,2010492,2022-08-11T19:46:19.278Z
aid-jp6-d63ded09,0710599,2022-05-16T14:11:50.798Z
aid-jp6-8aeb89b8,2012481,2022-09-28T15:55:15.141Z
aid-jp6-2399ed69,2005070,2023-07-14T20:03:59.689Z
aid-jp6-445c4e4b,2007531,2024-02-01T17:45:28.632Z
aid-jp6-4c03f61a,2014138,2023-01-28T20:53:28.036Z
aid-jp6-7c166ba5,2012064,2022-04-15T14:01:20.783Z
aid-jp6-d3954dad,2003507,2023-04-03T13:34:02.048Z
aid-jp6-1174d678,2012662,2022-05-16T14:12:16.025Z
aid-jp6-5c046fdb,0675632,2024-02-01T17:45:31.326Z
aid-jp6-57ff44a1,2011047,2022-02-22T00:41:48.837Z
aid-jp6-486aa881,0048966,2021-11-15T09:26:45.012Z
aid-jp6-fbdcada2,2010317,2022-09-26T17:10:27.371Z
aid-jp6-01027d9a,2006183,2022-05-12T18:45:41.612Z
aid-jp6-82915420,0709044,2022-08-05T19:02:29.734Z
aid-jp6-29d0ab28,2012023,2023-07-28T15:32:58.011Z
aid-jp6-c64a890c,0024822,2022-11-15T14:06:27.000Z
aid-jp6-a7119f04,2007817,2022-01-10T21:09:44.851Z
aid-jp6-e6fb8e4e,2011884,2022-02-08T19:09:28.765Z
aid-jp6-fbf06ae1,2008271,2022-09-26T17:08:32.010Z
aid-jp6-e3c352b7,0044688,2022-08-05T19:02:29.366Z
aid-jp6-ea3bddee,0707274,2022-05-17T13:20:27.095Z
aid-jp6-908729a9,0680707,2022-05-16T14:11:51.711Z
aid-jp6-71597421,0678931,2024-03-20T15:38:07.335Z
aid-jp6-b77c52e7,2012924,2022-05-04T16:51:36.956Z
aid-jp6-662c3834,2012035,2022-01-05T04:07:54.465Z
aid-jp6-bbc02747,0684646,2022-06-03T16:40:53.938Z
aid-jp6-5cb3d3ac,2003052,2024-03-20T15:12:38.883Z
aid-jp6-695469eb,0015687,2022-09-28T15:55:26.968Z
aid-jp6-43458d62,0038799,2022-02-01T06:00:51.841Z
aid-jp6-f3bbac9b,2013700,2022-04-01T00:26:22.239Z
aid-jp6-4dfc821e,2002169,2022-05-19T14:14:32.237Z
aid-jp6-74cba53a,2013959,2022-05-20T05:19:49.331Z
aid-jp6-8ff5da4b,2014272,2023-09-01T17:35:51.961Z
aid-jp6-96038d14,2009233,2022-05-23T20:33:16.792Z
aid-jp6-1729e963,0657644,2022-01-04T14:48:32.810Z
aid-rk30board-ybn6des4,0021190,2020-12-22T15:42:08.000Z
aid-jp6-bb7aac4c,2013891,2022-01-28T18:23:01.309Z
aid-jp6-8cc65cb1,0050385,2024-03-20T15:11:51.367Z
aid-jp6-9f365b70,2009780,2024-03-20T15:14:21.049Z
aid-jp6-f7a51c73,0693737,2024-03-20T15:37:19.053Z
aid-jp6-006559a9,0662054,2022-01-10T21:09:42.804Z
aid-jp6-9e7df83f,0698695,2022-03-03T06:43:39.408Z
aid-jp6-a9a21d3a,2012064,2024-02-01T17:45:28.753Z
aid-jp6-60c3fe3a,0710125,2022-12-16T06:06:27.221Z
aid-jp6-0ab28739,0702726,2023-10-20T23:18:54.000Z
aid-jp6-283a9a24,2013390,2022-01-24T18:16:01.300Z
aid-jp6-180750cb,2012362,2024-02-01T17:45:35.932Z
aid-jp6-4f6dd990,0709044,2022-03-02T06:09:54.502Z
aid-jp6-8ab4f0ae,0036049,2023-09-01T17:35:47.377Z
aid-jp6-cb672783,0696180,2021-10-19T16:09:47.032Z
aid-jp6-4cab60e3,0691844,2022-02-03T20:49:33.501Z
aid-jp6-014f7b8a,2014433,2021-10-14T05:13:40.850Z
aid-jp6-1211e11a,2014189,2024-03-20T15:14:49.551Z
aid-jp6-887656ba,0707112,2024-03-20T15:13:00.078Z
aid-jp6-d7e3caaa,2011936,2024-03-20T15:14:52.671Z
aid-jp6-0f8e8be2,0036049,2024-03-20T15:38:51.239Z
aid-jp6-e5081af0,2010570,2022-03-09T18:46:52.636Z
aid-jp6-24854716,2013872,2022-06-20T18:53:24.925Z
aid-jp6-e82a3ae3,0713841,2021-10-19T16:07:40.895Z
aid-jp6-74e2ab98,2012547,2022-03-01T06:06:52.732Z
aid-jp6-4dbbca52,2013872,2023-09-01T16:30:40.128Z
aid-jp6-fd2c9d4f,0705144,2024-03-20T15:14:03.950Z
aid-jp6-1b7760b4,0685986,2022-06-28T09:36:27.715Z
aid-jp6-168bbbf6,0029697,2022-03-02T06:08:04.141Z
aid-jp6-e090bc4c,0038903,2023-01-14T20:00:11.857Z
aid-jp6-4643a0c4,0030536,2024-01-01T03:43:48.570Z
aid-jp6-4f0cb734,0707467,2022-11-11T06:16:42.769Z
aid-jp6-8382fa50,2004935,2022-03-02T06:28:31.611Z
aid-jp6-e910154e,2009313,2021-11-19T00:45:28.488Z
aid-jp6-36b4220c,2006413,2022-01-31T14:03:24.596Z
aid-jp6-c684e744,2012203,2022-05-16T14:11:56.374Z
aid-jp6-becd9add,2011670,2024-02-06T18:33:11.000Z
aid-jp6-240ae4db,0656326,2023-08-11T19:29:55.472Z
aid-jp6-afc766b0,2010979,2022-02-03T12:42:10.253Z
aid-jp6-8efdc3f1,0047689,2023-01-24T17:27:55.588Z
aid-jp6-6bde92c4,0020455,2023-08-11T19:29:55.484Z
aid-jp6-8b2ec79f,2011410,2023-12-26T15:57:10.000Z
aid-jp6-5bb94153,2012415,2022-04-22T12:13:53.002Z
aid-jp6-7351b86d,0660207,2021-11-24T14:02:00.417Z
aid-jp6-09cf75c6,0057236,2023-07-20T12:42:22.000Z
aid-jp6-ec724dfc,2014318,2022-07-15T15:54:01.407Z
aid-jp6-2aa4e69e,0655353,2022-11-22T06:05:40.764Z
aid-jp6-09b8eda4,2014226,2024-05-17T12:52:55.683Z
aid-jp6-eb54e829,2014128,2022-04-30T00:09:50.352Z
aid-jp6-a6b1b634,0048036,2024-03-20T15:11:13.468Z
aid-jp6-6459ddc7,2012470,2022-03-16T19:39:55.513Z
aid-jp6-577f5cce,0663849,2022-07-10T05:32:11.993Z
aid-jp6-d171e64b,0707764,2022-04-01T11:59:37.175Z
aid-jp6-7982a56c,0681806,2024-06-18T15:33:17.421Z
aid-jp6-861cdd85,0018159,2022-01-04T06:03:08.244Z
aid-jp6-47e308e5,2013460,2024-06-18T15:36:23.791Z
aid-jp6-f3a37b37,2014298,2024-06-18T15:36:36.063Z
aid-jp6-731d8ea3,2014412,2024-06-18T16:44:21.319Z
aid-jp6-90e4f074,0051560,2024-06-18T16:23:27.299Z
aid-jp6-e57401b8,2002926,2024-06-18T16:44:20.109Z
aid-jp6-fa282e28,2013950,2024-06-18T15:32:56.675Z
aid-jp6-caca61c8,0697393,2024-06-18T15:33:20.220Z
aid-jp6-6c78d74f,2002279,2024-06-18T15:37:22.300Z
aid-jp6-8f47b1e5,2009996,2023-07-14T20:12:16.180Z
aid-jp6-026f23e5,2009488,2023-03-16T01:29:56.895Z
aid-jp6-87d44ccf,0684644,2024-02-01T17:45:35.342Z
aid-jp6-277fb052,0708688,2024-03-20T15:38:16.837Z
aid-jp6-7a0bcd4a,2008695,2022-06-20T18:53:21.801Z
aid-jp6-8edbf0f8,0685986,2021-12-16T17:36:08.046Z
aid-jp6-38cb043e,2001537,2022-08-05T19:02:40.305Z
aid-jp6-7b33859f,2013324,2023-07-10T17:05:13.473Z
aid-jp6-4e4079cc,2014020,2022-03-29T20:18:50.417Z
aid-jp6-75e0c9bb,0715298,2022-11-19T17:06:12.997Z
aid-jp6-b03dad97,0054202,2022-06-11T05:20:48.105Z
aid-jp6-1b09b1ea,0664527,2023-07-14T20:03:59.726Z
aid-jp6-cb739dff,0659107,2023-09-15T19:00:03.692Z
aid-jp6-aca8d0ec,0661067,2022-06-11T05:04:22.539Z
aid-jp6-3f3d76f8,0696483,2023-01-14T22:16:56.200Z
aid-jp6-9293d427,0702076,2022-08-19T20:11:58.629Z
aid-jp6-81378529,2012445,2022-11-11T19:29:14.238Z
aid-jp6-3fe48e4b,0703711,2022-06-02T17:45:56.599Z
aid-jp6-5114749c,0688267,2024-03-20T15:12:57.159Z
aid-jp6-df30fe48,0028037,2022-08-05T19:02:38.947Z
aid-rk30board-xwweb36x,0673625,2021-07-14T19:41:24.000Z
aid-rk30board-32iv6wgp,2001916,2020-12-08T15:54:34.000Z
aid-jp6-7cc5a461,2013279,2022-09-28T15:55:25.868Z
aid-jp6-b8fbfcd5,2014051,2022-06-17T14:14:39.330Z
aid-jp6-9c1ba9a9,2011147,2022-11-24T06:18:27.064Z
aid-jp6-c4d3e8ee,0709262,2022-05-19T14:14:43.467Z
aid-jp6-c0c96fc4,0034557,2023-08-01T15:11:44.570Z
aid-jp6-17968f3d,0040688,2022-08-04T05:03:22.014Z
aid-jp6-a004e002,0704202,2022-08-18T05:40:53.158Z
aid-jp6-cd7340ff,2014113,2023-09-01T17:35:47.934Z
aid-jp6-91a632fa,0663562,2023-09-15T19:00:03.462Z
aid-jp6-059209a0,0672131,2022-04-15T14:01:20.191Z
aid-jp6-0e85f249,2010600,2023-09-01T17:35:47.934Z
aid-jp6-b314f108,2012331,2023-09-15T18:57:24.084Z
aid-jp6-553979ff,2014158,2022-07-28T12:30:23.066Z
aid-jp6-f19ca8bf,2014184,2022-03-02T06:34:47.528Z
aid-jp6-bc7add73,2013097,2022-03-22T22:35:42.973Z
aid-jp6-264814ca,0039144,2022-03-14T11:24:41.309Z
aid-jp6-c6058fc1,0034514,2021-12-04T06:04:42.593Z
aid-jp6-da9114c1,0018628,2022-03-24T15:43:22.799Z
aid-jp6-88149521,0697233,2023-07-14T20:03:59.216Z
aid-jp6-4f871b8c,0016598,2022-09-28T15:55:25.091Z
aid-jp6-e3e2a3e5,2012922,2021-11-30T22:42:06.000Z
aid-jp6-19cd0b31,0020958,2024-03-20T15:37:49.249Z
aid-jp6-5bcef920,2011504,2022-09-12T05:12:58.912Z
aid-jp6-ff8d1adf,0689184,2023-07-14T20:03:59.845Z
aid-jp6-3b42ddf1,0689981,2021-10-14T13:18:21.939Z
aid-jp6-fd72da8b,0662135,2022-12-21T16:32:34.572Z
aid-jp6-72ccf111,0704031,2022-06-23T12:45:27.897Z
aid-jp6-5921e027,2009591,2023-01-27T23:11:11.739Z
aid-jp6-4b2cc16c,2013770,2023-11-16T00:18:10.000Z
aid-jp6-1ebdc1ef,2011456,2022-02-17T17:44:27.983Z
aid-jp6-9722cd38,2010456,2022-09-15T14:20:26.004Z
aid-jp6-23908dd2,2014029,2023-06-07T13:30:13.000Z
aid-jp6-8ee616a3,2012826,2022-04-22T13:46:49.956Z
aid-jp6-b702a603,2014246,2023-07-14T20:03:59.630Z
aid-jp6-fe84cfc1,2013868,2024-01-30T00:01:15.000Z
aid-jp6-cd98c78a,2011001,2023-12-05T02:15:32.064Z
aid-jp6-9d27f8ca,0055663,2022-08-05T19:02:30.154Z
aid-jp6-793b77dd,0037739,2022-11-04T15:08:53.902Z
aid-jp6-ed178f7a,2011643,2023-05-26T13:55:49.048Z
aid-jp6-b3c27ac0,2007525,2022-04-15T14:01:21.198Z
aid-jp6-23dca8d7,2011944,2022-03-11T17:21:12.720Z
aid-jp6-fdc942bf,0667946,2024-02-01T17:45:31.458Z
aid-jp6-aa9e1d60,2011631,2022-04-27T00:46:54.213Z
aid-jp6-e4a104d3,2014460,2022-05-16T14:12:00.167Z
aid-jp6-91a64732,0685241,2023-09-15T19:00:03.836Z
aid-jp6-9383efc1,0709537,2024-01-16T02:46:19.000Z
aid-jp6-855c98fc,2011391,2022-09-26T17:10:16.764Z
aid-jp6-634ad8d5,0051077,2021-11-29T19:48:33.692Z
aid-jp6-66243f0e,0679703,2022-06-27T14:02:16.374Z
aid-jp6-070299d2,2011063,2021-10-19T16:10:04.240Z
aid-jp6-2506ff7c,0659244,2022-02-17T17:16:30.805Z
aid-jp6-d8718b71,0703025,2022-04-28T18:47:31.518Z
aid-jp6-9dd36333,0684924,2022-06-06T12:35:43.067Z
aid-jp6-494916d4,0709206,2022-02-27T06:13:14.668Z
aid-jp6-dbedb78e,0701137,2024-02-01T17:45:30.694Z
aid-jp6-7b9066ff,0048282,2022-05-16T14:12:00.236Z
aid-jp6-610ce507,0041147,2023-07-20T15:55:49.692Z
aid-jp6-da7fd56d,2004058,2022-12-06T16:10:03.343Z
aid-jp6-f219f848,0027510,2022-08-18T05:22:57.739Z
aid-jp6-fce8799b,0055043,2022-02-08T18:12:45.087Z
aid-jp6-cfc6e5b6,2010158,2022-07-28T12:30:20.021Z
aid-jp6-3ea9d385,0041745,2023-09-15T19:00:03.556Z
aid-jp6-b0c8b83e,0704524,2023-08-11T19:29:55.544Z
aid-jp6-6fb26e58,0030092,2023-06-05T13:04:56.545Z
aid-jp6-d910c771,0702938,2022-03-11T18:05:07.079Z
aid-jp6-e5bcf47d,0684447,2024-03-20T15:36:49.460Z
aid-jp6-ca4ebcd3,2013625,2024-02-06T18:33:11.000Z
aid-jp6-16e0adb2,2006358,2022-07-01T13:41:12.914Z
aid-jp6-cddb6b3a,2013425,2024-02-01T17:45:30.327Z
aid-jp6-1ff3fa3a,0696070,2022-09-28T15:55:27.320Z
aid-jp6-88d81e52,2013113,2024-01-26T13:57:40.000Z
aid-jp6-a206aa4d,2006714,2022-05-13T19:04:59.988Z
aid-jp6-6aa04479,2008649,2022-05-16T14:12:06.831Z
aid-jp6-48f5d0cd,0658609,2022-04-04T14:55:30.902Z
aid-jp6-a4f9b9df,0678507,2022-03-03T06:41:35.030Z
aid-jp6-a417d3a1,2007542,2021-10-19T16:10:07.050Z
aid-jp6-b87fd927,0680597,2024-02-06T18:33:13.000Z
aid-jp6-5702304c,2013513,2023-09-15T19:00:03.567Z
aid-jp6-1d48ff66,0056479,2023-04-05T18:19:16.717Z
aid-jp6-bcf637b3,0700396,2022-04-30T12:06:47.126Z
aid-jp6-3e70e3be,0682136,2024-03-20T15:14:51.927Z
aid-jp6-8a6a2484,0051050,2024-03-20T15:13:51.759Z
aid-jp6-add19392,2004793,2024-03-20T16:07:23.199Z
aid-jp6-c7470b0d,2011835,2022-04-05T16:09:19.394Z
aid-jp6-685e9b2a,2014478,2022-02-16T15:59:03.310Z
aid-jp6-41f360fa,2011304,2022-09-28T15:55:22.887Z
aid-jp6-d2a05f7c,0037506,2024-03-20T15:38:08.769Z
aid-jp6-72f99d60,2011234,2022-07-28T16:59:00.820Z
aid-rk30board-ymv086jb,0047574,2020-12-29T22:42:33.000Z
aid-jp6-b331b8be,0664293,2022-01-21T13:34:58.655Z
aid-jp6-ab711175,2013986,2024-03-20T15:12:52.262Z
aid-rk30board-nh0ugxue,2009791,2021-04-30T21:22:23.000Z
aid-rk30board-2e8vybk5,0712213,2021-04-07T14:35:07.000Z
