serialNumber,Reg date
aid-jp6-1b7760b4,9/22/2021 16:16
aid-jp6-d5a97f76,10/21/2021 17:00
aid-jp6-3100561a,5/13/2022 8:58
aid-jp6-24874d01,6/1/2022 15:31
aid-jp6-1f08ed1a,8/30/2022 8:12
aid-jp6-81fe89dc,10/4/2022 11:57
aid-jp6-8fccdabc,4/8/2023 17:47
aid-jp6-852b19bf,4/29/2023 21:35
aid-jp6-e680b09c,5/5/2023 8:36
aid-jp6-d6dd84c0,5/5/2023 11:03
aid-jp6-a0eea0c9,5/6/2023 10:26
aid-jp6-46f7c5ce,5/21/2023 21:21
aid-jp6-6d4c1853,5/22/2023 10:38
aid-jp6-b77c52e7,6/7/2023 17:12
aid-jp6-60cc381f,6/8/2023 9:20
aid-jp6-0724103a,6/9/2023 16:49
aid-jp6-39103254,6/26/2023 12:07
aid-jp6-7419f665,6/28/2023 13:09
aid-jp6-c2af9d29,7/1/2023 15:25
aid-jp6-408a1d37,7/5/2023 9:23
aid-jp6-e41d1dcb,7/14/2023 15:17
aid-jp6-0219c6d1,7/21/2023 21:34
aid-jp6-e4a9b679,7/28/2023 13:50
aid-jp6-1b09b1ea,7/28/2023 15:45
aid-jp6-2b3592e2,8/12/2023 14:21
aid-jp6-6a1236a1,8/25/2023 18:07
aid-jp6-2f2d3975,8/31/2023 12:12
aid-jp6-3fca080e,9/5/2023 20:07
aid-jp6-aa4d726b,9/11/2023 9:55
aid-jp6-675292c2,9/21/2023 9:55
aid-jp6-27a7896c,9/24/2023 20:11
aid-jp6-eb9e7570,9/26/2023 17:49
aid-jp6-4e67667e,9/29/2023 10:10
aid-jp6-c3d7b4e1,10/5/2023 20:05
aid-jp6-15bede50,10/8/2023 20:14
aid-jp6-76545a5d,10/11/2023 8:22
aid-jp6-fbdcada2,10/13/2023 19:32
aid-jp6-2544df59,10/23/2023 17:47
aid-jp6-f5afc561,10/25/2023 13:29
aid-jp6-ec8e9638,10/27/2023 14:19
aid-jp6-f581c25b,11/4/2023 20:13
aid-jp6-4b5ad9a5,11/7/2023 9:22
aid-jp6-3893719b,11/9/2023 19:12
aid-jp6-c1fd475d,11/13/2023 11:29
aid-jp6-c7cb1919,11/15/2023 12:37
aid-jp6-e47f895e,11/15/2023 19:12
aid-jp6-d8037d99,11/17/2023 8:10
aid-jp6-7b9066ff,11/28/2023 7:11
aid-jp6-64617ec2,12/2/2023 19:14
aid-jp6-9238ca0e,12/5/2023 11:45
aid-jp6-4392b84c,12/5/2023 14:36
aid-jp6-accf7052,12/8/2023 9:55
aid-jp6-1c2d9244,12/9/2023 11:14
aid-jp6-07bff378,12/9/2023 11:32
aid-jp6-7c166ba5,12/10/2023 19:12
aid-jp6-8755ff45,12/11/2023 10:35
aid-jp6-b4add68a,12/13/2023 19:10
aid-jp6-5b57c401,12/18/2023 10:50
aid-jp6-9646d699,12/19/2023 8:59
aid-jp6-37336b34,12/20/2023 7:35
aid-jp6-e3c352b7,12/21/2023 8:00
aid-jp6-3e3f6def,12/21/2023 9:44
aid-jp6-375b12cc,12/21/2023 11:31
aid-jp6-e6ffa6cf,12/23/2023 13:33
aid-jp6-73ee353d,12/24/2023 19:12
aid-jp6-8c1933c9,12/24/2023 19:12
aid-jp6-662c3834,12/27/2023 13:18
aid-jp6-cb739dff,12/27/2023 13:49
aid-jp6-717a11b4,12/27/2023 19:11
aid-jp6-fa6e9738,12/28/2023 9:10
aid-jp6-46300395,12/29/2023 9:18
aid-jp6-54c386cb,1/1/2024 19:13
aid-jp6-55ac6377,1/1/2024 19:14
aid-jp6-ae71aecd,1/2/2024 13:54
aid-jp6-f36eec11,1/2/2024 19:12
aid-jp6-2d793886,1/3/2024 19:09
aid-jp6-24acebc1,1/5/2024 21:06
aid-jp6-24b64a2e,1/8/2024 11:44
aid-jp6-102c4310,1/9/2024 15:36
aid-jp6-4bdc44fa,1/10/2024 9:51
aid-jp6-9bd4842c,1/10/2024 18:47
aid-jp6-6f77ca8b,1/11/2024 9:57
aid-jp6-1f956a49,1/11/2024 14:51
aid-jp6-f7e6a40a,1/12/2024 15:32
aid-jp6-c295113b,1/15/2024 19:13
aid-jp6-dd748afc,1/16/2024 18:30
aid-jp6-2d3ea449,1/17/2024 12:22
aid-jp6-d123296d,1/17/2024 17:03
aid-jp6-1019eade,1/17/2024 19:12
aid-jp6-ebc9cacc,1/17/2024 19:12
aid-jp6-98152ab0,1/17/2024 19:13
aid-jp6-89de2fec,1/17/2024 19:49
aid-jp6-7dad421a,1/18/2024 10:50
aid-jp6-cd98c78a,1/19/2024 11:49
aid-jp6-9e7df83f,1/19/2024 16:39
aid-jp6-93e4c90a,1/19/2024 18:07
aid-jp6-8ab4f0ae,1/20/2024 19:12
aid-jp6-2951ffcb,1/22/2024 14:40
aid-jp6-752f48e6,1/23/2024 11:39
aid-jp6-4370dd8c,1/23/2024 13:16
aid-jp6-f09c615f,1/23/2024 17:53
aid-jp6-07b5aef1,1/24/2024 10:13
aid-jp6-cf9435e8,1/24/2024 10:26
aid-jp6-473e30e6,1/24/2024 14:57
aid-jp6-3932f17d,1/24/2024 19:13
aid-jp6-24854716,1/25/2024 9:44
aid-jp6-259145b1,1/25/2024 10:46
aid-jp6-d70b60db,1/25/2024 14:18
aid-jp6-2e49a24c,1/26/2024 13:58
aid-jp6-5fdcd3d8,1/26/2024 19:11
aid-jp6-b0c8b83e,1/29/2024 13:26
aid-jp6-1ad6ff8a,1/30/2024 13:52
aid-jp6-6c25da20,2/1/2024 11:04
aid-jp6-1d48ff66,2/1/2024 11:23
aid-jp6-4cab60e3,2/1/2024 12:45
aid-jp6-5a68a03b,2/1/2024 14:39
aid-jp6-0d019d34,2/1/2024 21:26
aid-jp6-8427ca43,2/2/2024 3:07
aid-jp6-3141e0f1,2/2/2024 13:31
aid-jp6-5702304c,2/3/2024 10:17
aid-jp6-01027d9a,2/3/2024 17:12
aid-jp6-f7040b8e,2/3/2024 19:30
aid-jp6-903f46f5,2/4/2024 1:00
aid-jp6-9b3c49ba,2/4/2024 8:39
aid-jp6-17a7c25e,2/4/2024 14:11
aid-jp6-4778e548,2/6/2024 4:39
aid-jp6-e230754d,2/6/2024 11:24
aid-jp6-fccb42e2,2/7/2024 8:47
aid-jp6-1174d678,2/7/2024 12:51
aid-jp6-7fac9b3b,2/8/2024 16:50
aid-jp6-56a76c54,2/9/2024 8:09
aid-jp6-cd5d8f2f,2/9/2024 11:10
aid-jp6-870b1609,2/10/2024 10:41
aid-jp6-87d44ccf,2/10/2024 19:53
aid-jp6-d7ad1e7e,2/12/2024 9:13
aid-jp6-38ac9c81,2/14/2024 18:30
aid-jp6-53b6f8f1,2/16/2024 10:16
aid-jp6-86f64d6b,2/16/2024 20:41
aid-jp6-d9c9bc9a,2/17/2024 3:02
aid-jp6-29d0ab28,2/17/2024 12:50
aid-jp6-685e9b2a,2/20/2024 9:19
aid-jp6-4dbbca52,2/20/2024 10:23
aid-jp6-445c4e4b,2/20/2024 10:42
aid-jp6-713752d0,2/20/2024 13:46
aid-jp6-855c98fc,2/20/2024 18:19
aid-jp6-82915420,2/20/2024 19:31
aid-jp6-395af8ba,2/21/2024 3:04
aid-jp6-782c6dd8,2/21/2024 8:20
aid-jp6-04b17878,2/21/2024 14:25
aid-jp6-dfb707e0,2/21/2024 21:12
aid-jp6-ddd61add,2/22/2024 20:03
aid-jp6-5c046fdb,2/23/2024 7:54
aid-jp6-73374665,2/23/2024 7:58
aid-jp6-c1ab8b5d,2/23/2024 13:50
aid-jp6-909660aa,2/24/2024 3:02
aid-jp6-8d35db97,2/24/2024 9:31
aid-jp6-c559a772,2/25/2024 15:57
aid-jp6-e6fb8e4e,2/25/2024 16:10
aid-jp6-e910154e,2/26/2024 3:04
aid-jp6-6459ddc7,2/26/2024 13:41
aid-jp6-bb7aac4c,2/26/2024 13:45
aid-jp6-6cebebcb,2/27/2024 3:04
aid-jp6-59f96498,2/27/2024 7:16
aid-jp6-65dbf12f,2/27/2024 7:21
aid-jp6-e9332ba9,2/27/2024 7:25
aid-jp6-60c3fe3a,2/27/2024 14:54
aid-jp6-1351ff59,2/28/2024 13:22
aid-jp6-c7899592,2/29/2024 7:56
aid-jp6-ed5d860b,2/29/2024 13:04
aid-jp6-e7d63f21,2/29/2024 18:18
aid-jp6-23908dd2,3/1/2024 14:10
aid-jp6-71f01375,3/1/2024 14:46
aid-jp6-23b012c9,3/2/2024 3:06
aid-jp6-8d1dedf4,3/2/2024 9:50
aid-jp6-ca4ebcd3,3/2/2024 14:30
aid-jp6-82c922d7,3/4/2024 3:00
aid-jp6-a0eae9f1,3/5/2024 3:03
aid-jp6-b91927f0,3/5/2024 8:05
aid-jp6-bba0922d,3/5/2024 13:57
aid-jp6-2a087ce7,3/5/2024 14:06
aid-jp6-3bb0e3ca,3/6/2024 12:51
aid-jp6-66243f0e,3/6/2024 13:01
aid-jp6-a74ae6dd,3/7/2024 9:24
aid-jp6-180750cb,3/8/2024 11:30
aid-jp6-98ed43c5,3/8/2024 13:27
aid-jp6-a231f195,3/8/2024 13:53
aid-jp6-548d7ab5,3/9/2024 3:05
aid-jp6-a92b58ad,3/9/2024 8:44
aid-jp6-64ade80a,3/9/2024 15:53
aid-jp6-687a0371,3/12/2024 4:05
aid-jp6-7d8639b3,3/12/2024 14:20
aid-jp6-675689ff,3/12/2024 14:25
aid-jp6-41a3bf55,3/12/2024 20:10
aid-jp6-0b1a6dee,3/13/2024 13:35
aid-jp6-4f6dd990,3/13/2024 13:36
aid-jp6-e57a2e38,3/13/2024 14:01
aid-jp6-5177fb35,3/14/2024 10:41
aid-jp6-c785b0a1,3/14/2024 12:33
aid-jp6-72e727b7,3/14/2024 14:08
aid-jp6-e85ab578,3/14/2024 15:48
aid-jp6-65f3ac1f,3/15/2024 10:49
aid-jp6-0f2af102,3/15/2024 21:07
aid-jp6-b82e23b1,3/16/2024 18:48
aid-jp6-afd5e629,3/16/2024 20:23
aid-jp6-f6c5119a,3/18/2024 6:05
aid-jp6-b3afa194,3/19/2024 2:03
aid-jp6-bcd23853,3/19/2024 6:03
aid-jp6-3da5016e,3/19/2024 8:16
aid-jp6-6c36f1fc,3/19/2024 19:37
aid-jp6-1300048b,3/19/2024 19:38
aid-jp6-bcda47fa,3/19/2024 19:43
aid-jp6-8382fa50,3/19/2024 20:14
aid-jp6-fbb45eff,3/19/2024 20:23
aid-jp6-9f671f3f,3/19/2024 21:20
aid-jp6-e472cccf,3/20/2024 2:01
aid-jp6-a7a32118,3/20/2024 9:14
aid-jp6-90e04e6b,3/20/2024 17:04
aid-jp6-70ba96e2,3/21/2024 13:36
aid-jp6-43458d62,3/21/2024 13:54
aid-jp6-e099a05a,3/21/2024 14:02
aid-jp6-90789d6b,3/21/2024 14:21
aid-jp6-91a64732,3/21/2024 14:25
aid-jp6-a6e89148,3/22/2024 6:05
aid-jp6-fc34de3c,3/22/2024 13:32
aid-jp6-6c83d11a,3/22/2024 13:45
aid-jp6-6d262528,3/22/2024 14:30
aid-jp6-cd7340ff,3/23/2024 13:45
aid-jp6-66a31be4,3/23/2024 15:38
aid-jp6-79b29d1d,3/23/2024 18:22
aid-jp6-56914694,3/24/2024 6:05
aid-jp6-85854e3d,3/24/2024 18:35
aid-jp6-9722cd38,3/24/2024 21:12
aid-jp6-484888e5,3/25/2024 2:09
aid-jp6-3bc87e3c,3/25/2024 13:18
aid-jp6-f86e7157,3/25/2024 15:04
aid-jp6-b8eb855f,3/27/2024 11:48
aid-jp6-7daffc6a,3/27/2024 12:22
aid-jp6-6161b9e9,3/27/2024 12:40
aid-jp6-abcfe729,3/27/2024 12:46
aid-jp6-e7565d09,3/27/2024 14:01
aid-jp6-961e6704,3/27/2024 14:15
aid-jp6-936d7de5,3/27/2024 14:23
aid-jp6-644dde60,3/27/2024 14:32
aid-jp6-ae08ffed,3/27/2024 16:07
aid-jp6-24324343,3/27/2024 20:31
aid-jp6-c3fe0aa1,3/28/2024 15:42
aid-jp6-e4cc5ff6,3/28/2024 17:33
aid-jp6-9d9f4600,3/29/2024 13:31
aid-jp6-3d84b791,3/29/2024 14:27
aid-jp6-76b63a60,3/29/2024 14:49
aid-jp6-cb2dab7e,3/29/2024 15:24
aid-jp6-7e9f02cc,3/29/2024 18:31
aid-jp6-673c214d,4/2/2024 6:05
aid-jp6-74cba53a,4/2/2024 6:05
aid-jp6-23cb7c87,4/2/2024 9:09
aid-jp6-510ca599,4/2/2024 12:11
aid-jp6-40d74eba,4/2/2024 14:42
aid-jp6-92d48972,4/2/2024 16:01
aid-jp6-4492f72e,4/3/2024 6:05
aid-jp6-a2e382df,4/3/2024 6:06
aid-jp6-c37d68da,4/3/2024 6:06
aid-jp6-563530d5,4/3/2024 9:56
aid-jp6-657c4e89,4/3/2024 14:17
aid-jp6-989b7afc,4/4/2024 12:24
aid-jp6-070299d2,4/4/2024 14:07
aid-jp6-0a5c9cec,4/4/2024 14:10
aid-jp6-99ca1860,4/4/2024 14:31
aid-jp6-8dda16d7,4/4/2024 14:42
aid-jp6-f9f77401,4/5/2024 13:12
aid-jp6-e5081af0,4/5/2024 13:21
aid-jp6-006559a9,4/5/2024 13:23
aid-jp6-8ee616a3,4/5/2024 13:25
aid-jp6-41f00e24,4/6/2024 12:13
aid-jp6-1a323fce,4/7/2024 16:23
aid-jp6-ab6dfb5c,4/8/2024 13:29
aid-jp6-5d9e367c,4/8/2024 13:37
aid-jp6-392753ac,4/8/2024 14:24
aid-jp6-f7a51c73,4/8/2024 14:32
aid-jp6-b6f0c7b0,4/8/2024 18:36
aid-jp6-49ea5e67,4/9/2024 6:00
aid-jp6-9806eccb,4/9/2024 8:07
aid-jp6-0b68c702,4/10/2024 6:01
aid-jp6-d8e616cf,4/10/2024 11:13
aid-jp6-2e1891f2,4/10/2024 11:18
aid-jp6-3dad7ca1,4/10/2024 11:42
aid-jp6-5fed295c,4/10/2024 11:44
aid-jp6-e8138482,4/10/2024 11:46
aid-jp6-486aa881,4/10/2024 16:28
aid-jp6-0ce3cc53,4/10/2024 18:48
aid-jp6-f4b75182,4/10/2024 20:09
aid-jp6-f6df2db0,4/11/2024 6:00
aid-jp6-c563ac91,4/11/2024 10:00
aid-jp6-a862e524,4/11/2024 10:28
aid-jp6-9aa19352,4/11/2024 10:32
aid-jp6-ac692e30,4/11/2024 11:04
aid-jp6-2fbc0b0a,4/11/2024 11:22
aid-jp6-ee199b67,4/11/2024 11:42
aid-jp6-f275d1be,4/11/2024 11:45
aid-jp6-51cd82b1,4/11/2024 11:53
aid-jp6-d7cd7c8d,4/11/2024 16:08
aid-jp6-67aa66b2,4/12/2024 10:09
aid-jp6-3c0fbcec,4/12/2024 12:23
aid-jp6-edcc1c62,4/12/2024 17:03
aid-jp6-13f260fe,4/13/2024 12:58
aid-jp6-dbedb78e,4/13/2024 14:43
aid-jp6-0e27f7d4,4/13/2024 15:11
aid-jp6-ddbeeae2,4/14/2024 14:35
aid-jp6-238d86e5,4/15/2024 6:05
aid-jp6-71ed0bd0,4/16/2024 12:32
aid-jp6-9f7cbc8f,4/16/2024 13:52
aid-jp6-99dbbb56,4/16/2024 14:00
aid-jp6-5cb3d3ac,4/17/2024 6:03
aid-jp6-d53060cc,4/17/2024 6:05
aid-jp6-f54092ce,4/17/2024 11:51
aid-jp6-1999680c,4/17/2024 11:52
aid-jp6-9d9d5714,4/17/2024 13:11
aid-jp6-ba4f6825,4/17/2024 13:30
aid-jp6-c33d00a4,4/17/2024 16:08
aid-jp6-71597421,4/17/2024 16:13
aid-jp6-73c257e4,4/17/2024 16:48
aid-jp6-c7470b0d,4/17/2024 18:59
aid-jp6-7acbed6c,4/17/2024 20:17
aid-jp6-5a7fbf1d,4/18/2024 6:03
aid-jp6-18a8f6be,4/18/2024 10:06
aid-jp6-0ab28739,4/18/2024 10:51
aid-jp6-10755cc4,4/18/2024 14:36
aid-jp6-27bf177e,4/18/2024 16:19
aid-jp6-f25256c2,4/18/2024 16:45
aid-jp6-c0aeed4b,4/18/2024 18:35
aid-jp6-93b317fd,4/18/2024 18:38
aid-jp6-a7119f04,4/19/2024 8:12
aid-jp6-5b3c872d,4/19/2024 10:54
aid-jp6-021f8260,4/19/2024 11:25
aid-jp6-dc86931a,4/19/2024 13:39
aid-jp6-91ef937b,4/19/2024 18:45
aid-jp6-8f111910,4/19/2024 19:18
aid-jp6-5addd18a,4/20/2024 2:10
aid-jp6-55c2bce9,4/20/2024 12:52
aid-jp6-3ea9d385,4/20/2024 19:37
aid-jp6-598b63f2,4/20/2024 21:04
aid-jp6-d123b1b8,4/21/2024 6:02
aid-jp6-a3a150a5,4/21/2024 8:40
aid-jp6-a38a27e7,4/22/2024 6:03
aid-jp6-34699155,4/22/2024 6:05
aid-jp6-e385d43a,4/22/2024 12:46
aid-jp6-a417d3a1,4/22/2024 13:45
aid-jp6-f614d24d,4/22/2024 13:48
aid-jp6-10dbf4c9,4/22/2024 14:13
aid-jp6-f7aa495e,4/23/2024 6:03
aid-jp6-333ba5da,4/23/2024 6:05
aid-jp6-df20c0cc,4/23/2024 10:54
aid-jp6-cba65de7,4/24/2024 9:10
aid-jp6-a6b1b634,4/24/2024 13:03
aid-jp6-9e2fd88f,4/24/2024 13:05
aid-jp6-22670511,4/24/2024 14:28
aid-jp6-fd2c9d4f,4/24/2024 19:28
aid-jp6-c56832f9,4/25/2024 2:11
aid-jp6-b48844ce,4/25/2024 10:04
aid-jp6-1baab3f4,4/25/2024 14:09
aid-jp6-6fb26e58,4/26/2024 6:00
aid-jp6-e7a17c1e,4/26/2024 6:02
aid-jp6-62c3ec90,4/26/2024 13:02
aid-jp6-5114749c,4/26/2024 19:48
aid-jp6-15f516f1,4/27/2024 6:02
aid-jp6-ee00ead1,4/27/2024 10:01
aid-jp6-f84c8b1c,4/28/2024 12:52
aid-jp6-09d8a7eb,4/28/2024 14:48
aid-jp6-3b9eb340,4/29/2024 6:00
aid-jp6-b3d967af,4/29/2024 6:00
aid-jp6-b702a603,4/29/2024 13:56
aid-jp6-9b3bd71d,4/29/2024 13:58
aid-jp6-d0018c0e,4/29/2024 14:05
aid-jp6-887656ba,4/29/2024 14:23
aid-jp6-c6e8893c,4/29/2024 14:40
aid-jp6-d4c6dd0b,4/30/2024 13:09
aid-jp6-e25e5e16,4/30/2024 14:22
aid-jp6-a3fe3f59,4/30/2024 15:37
aid-jp6-a004e002,4/30/2024 17:07
aid-jp6-ab711175,4/30/2024 20:18
aid-jp6-b00767ff,5/1/2024 2:44
aid-jp6-79dd51a6,5/1/2024 11:12
aid-jp6-91a632fa,5/2/2024 6:01
aid-jp6-89cd161d,5/2/2024 6:02
aid-jp6-fb0ddb45,5/2/2024 6:02
aid-jp6-c65b7aed,5/2/2024 6:03
aid-jp6-b1110a66,5/2/2024 6:05
aid-jp6-0f8e8be2,5/2/2024 6:06
aid-jp6-3da758b5,5/2/2024 6:06
aid-jp6-c5ce1d48,5/2/2024 6:06
aid-jp6-37a4899d,5/2/2024 6:07
aid-jp6-3f621015,5/2/2024 12:38
aid-jp6-3f3d76f8,5/2/2024 14:45
aid-jp6-9c1ba9a9,5/2/2024 21:10
aid-jp6-4b310c12,5/3/2024 6:04
aid-jp6-add19392,5/3/2024 9:06
aid-jp6-d3954dad,5/3/2024 9:38
aid-jp6-793b77dd,5/3/2024 13:03
aid-jp6-d4e2afa7,5/3/2024 14:07
aid-jp6-81b0e5a9,5/3/2024 17:14
aid-jp6-1729e963,5/3/2024 18:14
aid-jp6-14724df0,5/3/2024 18:51
aid-jp6-7d1f28c8,5/3/2024 18:57
aid-jp6-31f9d3f8,5/3/2024 19:26
aid-jp6-6c63f76d,5/3/2024 20:32
aid-jp6-8b1b8262,5/4/2024 2:02
aid-jp6-db71d775,5/4/2024 6:00
aid-jp6-e753aec0,5/4/2024 6:02
aid-jp6-777c4cc9,5/4/2024 6:04
aid-jp6-deb399bd,5/4/2024 6:05
aid-jp6-ea3bddee,5/4/2024 8:06
aid-jp6-d63ded09,5/4/2024 8:44
aid-jp6-1d0984f8,5/4/2024 10:12
aid-jp6-f2c9b565,5/4/2024 10:45
aid-jp6-88149521,5/4/2024 15:30
aid-jp6-eb383f46,5/4/2024 16:11
aid-jp6-a1050078,5/4/2024 18:50
aid-jp6-ee52bc15,5/4/2024 20:10
aid-jp6-e13c05ab,5/4/2024 20:20
aid-jp6-80c0a740,5/4/2024 20:22
aid-jp6-277fb052,5/5/2024 15:22
aid-jp6-8b2ec79f,5/5/2024 16:06
aid-jp6-2f848072,5/5/2024 18:36
aid-jp6-a69ddbca,5/5/2024 19:11
aid-jp6-e0ff26a0,5/5/2024 20:05
aid-jp6-d7e3caaa,5/5/2024 21:27
aid-jp6-a4f9b9df,5/6/2024 2:07
aid-jp6-695469eb,5/6/2024 8:04
aid-jp6-7740c2ed,5/6/2024 12:48
aid-jp6-6f857e10,5/6/2024 16:44
aid-jp6-be62262d,5/6/2024 18:16
aid-jp6-b112f74b,5/6/2024 19:05
aid-jp6-a53a527d,5/6/2024 19:44
aid-jp6-5bf8fe7d,5/7/2024 9:41
aid-jp6-7a0bcd4a,5/7/2024 12:27
aid-jp6-58e72c42,5/7/2024 13:21
aid-jp6-60b08fa4,5/7/2024 14:03
aid-jp6-cc5676c3,5/7/2024 14:03
aid-jp6-ad749aaa,5/7/2024 14:12
aid-jp6-3833f26e,5/7/2024 14:22
aid-jp6-5d83910e,5/7/2024 15:05
aid-jp6-740666e5,5/7/2024 20:00
aid-jp6-510f77f0,5/8/2024 6:05
aid-jp6-ec5c5a75,5/8/2024 6:05
aid-jp6-136704fa,5/8/2024 8:19
aid-jp6-500b714c,5/8/2024 14:36
aid-jp6-686d12e2,5/8/2024 14:44
aid-jp6-8e2a1408,5/8/2024 17:46
aid-jp6-d0abbddc,5/8/2024 17:46
aid-jp6-51dad007,5/8/2024 17:47
aid-jp6-c15ab4fa,5/8/2024 17:47
aid-jp6-e04356bc,5/8/2024 17:52
aid-jp6-84819378,5/8/2024 17:53
aid-jp6-7500b2bd,5/8/2024 17:54
aid-jp6-610ce507,5/8/2024 17:56
aid-jp6-b331b8be,5/8/2024 17:59
aid-jp6-3c767a53,5/8/2024 18:01
aid-jp6-ff8d1adf,5/8/2024 18:01
aid-jp6-c15631f4,5/8/2024 18:03
aid-jp6-e473578c,5/8/2024 18:04
aid-jp6-0c904b36,5/8/2024 18:09
aid-jp6-9f93038d,5/8/2024 18:11
aid-jp6-521cdbdb,5/8/2024 18:12
aid-jp6-530489d4,5/8/2024 18:13
aid-jp6-eb8a7084,5/8/2024 20:06
aid-jp6-8aeb89b8,5/8/2024 21:15
aid-jp6-8ff5da4b,5/9/2024 8:04
aid-jp6-3f02bbe6,5/9/2024 8:17
aid-jp6-18fc8326,5/9/2024 9:15
aid-jp6-2cd8fd43,5/9/2024 10:49
aid-jp6-059dfdea,5/9/2024 11:12
aid-jp6-8b4610b4,5/9/2024 15:19
aid-jp6-05a3b905,5/9/2024 15:22
aid-jp6-8238b9d8,5/9/2024 15:25
aid-jp6-40e5bc76,5/9/2024 15:31
aid-jp6-6264c26b,5/9/2024 15:54
aid-jp6-fbf06ae1,5/9/2024 18:35
aid-jp6-36b4220c,5/9/2024 19:27
aid-jp6-a59d81d0,5/10/2024 2:15
aid-jp6-8b9beef1,5/10/2024 10:21
aid-jp6-15c634a5,5/10/2024 13:28
aid-jp6-553979ff,5/10/2024 15:06
aid-jp6-84586d01,5/10/2024 16:17
aid-jp6-0fe2a2e2,5/10/2024 17:18
aid-jp6-e3e2a3e5,5/10/2024 20:38
aid-jp6-b8fbfcd5,5/11/2024 6:01
aid-jp6-0e85f249,5/11/2024 6:03
aid-jp6-14a857a0,5/11/2024 6:03
aid-jp6-eb3275dd,5/11/2024 6:03
aid-jp6-2be2ed94,5/11/2024 6:05
aid-jp6-bb8fc395,5/11/2024 8:55
aid-jp6-d171e64b,5/11/2024 9:11
aid-jp6-eba4feed,5/11/2024 9:56
aid-jp6-0481368c,5/11/2024 14:17
aid-jp6-c50faabf,5/11/2024 18:42
aid-jp6-7f739d12,5/11/2024 18:51
aid-jp6-e890b4b8,5/11/2024 21:02
aid-jp6-210fb8e5,5/12/2024 6:04
aid-jp6-365aca3f,5/12/2024 12:11
aid-jp6-bbaf3acc,5/12/2024 12:37
aid-jp6-beb64f01,5/12/2024 14:47
aid-jp6-bc3cf7e2,5/12/2024 15:43
aid-jp6-b0cd41e9,5/13/2024 6:05
aid-jp6-282eb79a,5/13/2024 14:05
aid-jp6-99697a4c,5/13/2024 14:14
aid-jp6-b2fdac4b,5/13/2024 14:19
aid-jp6-6f946127,5/13/2024 14:21
aid-jp6-e82a3ae3,5/13/2024 14:23
aid-jp6-e526aa8c,5/13/2024 14:25
aid-jp6-43be88de,5/13/2024 14:29
aid-jp6-64fa2f73,5/13/2024 14:36
aid-jp6-10b3be88,5/13/2024 18:35
aid-jp6-c6058fc1,5/13/2024 20:37
aid-jp6-9540a0f5,5/14/2024 6:05
aid-jp6-1de2a6e0,5/14/2024 9:12
aid-jp6-ad348b83,5/14/2024 13:53
aid-jp6-fd2249fd,5/14/2024 13:55
aid-jp6-1211e11a,5/14/2024 14:25
aid-jp6-2387d2d8,5/14/2024 20:10
aid-jp6-6e28c533,5/15/2024 6:01
aid-jp6-752e3009,5/15/2024 12:56
aid-jp6-0088a7d9,5/15/2024 14:01
aid-jp6-40f3467b,5/15/2024 14:05
aid-jp6-8c5d0c82,5/15/2024 14:09
aid-jp6-0883ce1b,5/15/2024 14:11
aid-jp6-527ac776,5/15/2024 14:36
aid-jp6-f377e52f,5/15/2024 14:45
aid-jp6-c00dde75,5/15/2024 15:23
aid-jp6-5f5cc926,5/15/2024 18:19
aid-jp6-aee5333f,5/15/2024 18:44
aid-jp6-bf97b947,5/15/2024 18:50
aid-jp6-a234bec9,5/15/2024 19:57
aid-jp6-c62e2697,5/15/2024 20:29
aid-jp6-67ff361d,5/16/2024 8:16
aid-jp6-b843df83,5/16/2024 8:24
aid-jp6-1ff3fa3a,5/16/2024 8:35
aid-jp6-fca12142,5/16/2024 9:56
aid-jp6-100c3686,5/16/2024 11:16
aid-jp6-96995943,5/16/2024 16:44
aid-jp6-72ccf111,5/16/2024 17:23
aid-jp6-aa9e1d60,5/16/2024 18:18
aid-jp6-ce4b61f0,5/16/2024 19:03
aid-jp6-fd72da8b,5/16/2024 19:23
aid-jp6-bc7add73,5/16/2024 19:26
aid-jp6-bf5f718b,5/16/2024 21:12
aid-jp6-40469c1d,5/17/2024 6:01
aid-jp6-e5bcf47d,5/17/2024 6:03
aid-jp6-2454badf,5/17/2024 8:37
aid-jp6-0a015b42,5/17/2024 8:44
aid-jp6-f731322c,5/17/2024 8:55
aid-jp6-c6dbf5cc,5/17/2024 9:03
aid-jp6-b619ebd8,5/17/2024 10:36
aid-jp6-b3c27ac0,5/17/2024 10:38
aid-jp6-57ff44a1,5/17/2024 10:40
aid-jp6-fc60aa91,5/17/2024 10:41
aid-jp6-daf4a912,5/17/2024 10:47
aid-jp6-47789aac,5/17/2024 10:48
aid-jp6-c28c3496,5/17/2024 10:48
aid-jp6-9ff695e2,5/17/2024 10:49
aid-jp6-53c5c12c,5/17/2024 14:10
aid-jp6-7331efdd,5/17/2024 14:23
aid-jp6-83b4b2f5,5/17/2024 14:36
aid-jp6-09cf75c6,5/17/2024 14:56
aid-jp6-b35e4108,5/17/2024 16:37
aid-jp6-8f47b1e5,5/17/2024 19:00
aid-jp6-a019f525,5/17/2024 19:05
aid-jp6-8637592d,5/17/2024 19:55
aid-jp6-d44a492b,5/17/2024 20:36
aid-jp6-c000b128,5/17/2024 20:41
aid-jp6-aa1c1e61,5/18/2024 6:01
aid-jp6-a206aa4d,5/18/2024 9:32
aid-jp6-30aa0659,5/18/2024 9:50
aid-jp6-a8a0edce,5/18/2024 9:57
aid-jp6-3eee10ae,5/18/2024 14:23
aid-jp6-27df5e96,5/18/2024 16:51
aid-jp6-a6cf29e9,5/18/2024 19:05
aid-jp6-e69c1b06,5/18/2024 20:29
aid-jp6-08bde14a,5/19/2024 13:21
aid-jp6-215c3453,5/19/2024 14:28
aid-jp6-65c10b0f,5/19/2024 15:29
aid-jp6-059209a0,5/19/2024 16:45
aid-jp6-32f6c252,5/19/2024 16:56
aid-jp6-6a896563,5/20/2024 6:00
aid-jp6-cdacdfda,5/20/2024 12:58
aid-jp6-81f46ea4,5/20/2024 13:20
aid-jp6-ecedea24,5/20/2024 13:27
aid-jp6-becd9add,5/20/2024 13:41
aid-jp6-2aa4e69e,5/20/2024 13:46
aid-jp6-637e69d5,5/20/2024 14:30
aid-jp6-b44b96ce,5/20/2024 15:05
aid-jp6-c8663f5a,5/20/2024 17:16
aid-jp6-62112b81,5/20/2024 17:33
aid-jp6-85e50a9d,5/20/2024 19:10
aid-jp6-b75b4ee1,5/20/2024 20:02
aid-jp6-9d27f8ca,5/20/2024 20:27
aid-jp6-2d45c8d8,5/21/2024 6:02
aid-jp6-afe1f2f8,5/21/2024 6:07
aid-jp6-ef9eb01b,5/21/2024 11:20
aid-jp6-b47383ae,5/21/2024 11:25
aid-jp6-e6b67270,5/21/2024 11:25
aid-jp6-28e6276b,5/21/2024 12:47
aid-jp6-9d7639b4,5/21/2024 14:44
aid-jp6-19cd0b31,5/21/2024 20:28
aid-jp6-6ce199a5,5/22/2024 6:04
aid-jp6-a9dd0b78,5/22/2024 9:54
aid-jp6-362f3ceb,5/22/2024 9:56
aid-jp6-edb7e1a6,5/22/2024 9:57
aid-jp6-65ba6816,5/22/2024 9:58
aid-jp6-d34f2a88,5/22/2024 9:59
aid-jp6-04224fe4,5/22/2024 10:01
aid-jp6-10cdb841,5/22/2024 10:02
aid-jp6-47b6e458,5/22/2024 10:02
aid-jp6-94389761,5/22/2024 10:03
aid-jp6-1bbd7f3b,5/22/2024 10:05
aid-jp6-75da21b1,5/22/2024 10:06
aid-jp6-f58ae758,5/22/2024 10:23
aid-jp6-7351b86d,5/22/2024 10:52
aid-jp6-fc2462bf,5/22/2024 10:57
aid-jp6-8edbf0f8,5/22/2024 11:02
aid-jp6-16d90f84,5/22/2024 11:07
aid-jp6-c3a4ce7d,5/22/2024 11:16
aid-jp6-69ffdbdd,5/22/2024 11:24
aid-jp6-329c1fc4,5/22/2024 11:26
aid-jp6-5a0eca9b,5/22/2024 11:32
aid-jp6-35f27eb0,5/22/2024 11:35
aid-jp6-d55f2c0d,5/22/2024 12:01
aid-jp6-867a3905,5/22/2024 13:11
aid-jp6-ddf9d2bb,5/22/2024 13:21
aid-jp6-4643a0c4,5/22/2024 13:29
aid-jp6-4b54c7e4,5/22/2024 13:58
aid-jp6-759c2d20,5/22/2024 14:03
aid-jp6-d12fdc14,5/22/2024 14:04
aid-jp6-cb0d8fb5,5/22/2024 14:08
aid-jp6-87cd83b4,5/22/2024 14:46
aid-jp6-ed9f5291,5/22/2024 15:07
aid-jp6-6940dc80,5/22/2024 15:24
aid-jp6-c590f9ff,5/22/2024 15:51
aid-jp6-5e85c2d2,5/22/2024 16:01
aid-jp6-5399d028,5/22/2024 16:28
aid-jp6-f219f848,5/22/2024 16:44
aid-jp6-4f0cb734,5/22/2024 17:18
aid-jp6-e80dd98d,5/22/2024 20:09
aid-jp6-c8a080b5,5/22/2024 20:42
aid-jp6-1385bc2e,5/22/2024 20:54
aid-jp6-468eaf3c,5/23/2024 6:05
aid-jp6-9db8a070,5/23/2024 6:06
aid-jp6-893ffe3e,5/23/2024 8:11
aid-jp6-731b7a39,5/23/2024 9:02
aid-jp6-74e2ab98,5/23/2024 9:30
aid-jp6-cae90155,5/23/2024 10:06
aid-jp6-c53b2320,5/23/2024 10:41
aid-jp6-8a019572,5/23/2024 11:08
aid-jp6-34b0e444,5/23/2024 14:02
aid-jp6-9f365b70,5/23/2024 14:11
aid-jp6-c70c4270,5/23/2024 14:11
aid-jp6-eab39776,5/23/2024 14:16
aid-jp6-4c03f61a,5/23/2024 14:20
aid-jp6-cb672783,5/23/2024 14:22
aid-jp6-0c3e24a5,5/23/2024 14:30
aid-jp6-51b87c20,5/23/2024 14:39
aid-jp6-24666f9d,5/23/2024 14:41
aid-jp6-0719a138,5/23/2024 14:42
aid-jp6-ead0b315,5/23/2024 14:43
aid-jp6-cdc1b56d,5/23/2024 14:45
aid-jp6-e4d5aa47,5/23/2024 14:53
aid-jp6-524e4478,5/23/2024 14:57
aid-jp6-39c5aa74,5/23/2024 15:01
aid-jp6-771f886c,5/23/2024 15:04
aid-jp6-f3bbac9b,5/23/2024 17:06
aid-jp6-9d2e9d6f,5/23/2024 18:16
aid-jp6-3fbe8496,5/23/2024 19:01
aid-jp6-47537f09,5/23/2024 19:20
aid-jp6-81d77961,5/23/2024 19:23
aid-jp6-e3c0a108,5/24/2024 6:06
aid-jp6-083c9659,5/24/2024 10:14
aid-jp6-ac2910bf,5/24/2024 10:32
aid-jp6-3801c1c1,5/24/2024 11:07
aid-jp6-58d1185f,5/24/2024 11:10
aid-jp6-b298474a,5/24/2024 11:15
aid-jp6-32794ead,5/24/2024 12:00
aid-jp6-a51f140f,5/24/2024 12:01
aid-jp6-62909ee0,5/24/2024 12:02
aid-jp6-3e70e3be,5/24/2024 12:06
aid-jp6-5bb94153,5/24/2024 12:25
aid-jp6-06adffea,5/24/2024 12:27
aid-jp6-264814ca,5/24/2024 12:28
aid-jp6-28bd5818,5/24/2024 12:28
aid-jp6-e4039448,5/24/2024 12:29
aid-jp6-142af542,5/24/2024 12:35
aid-jp6-8a6a2484,5/24/2024 13:03
aid-jp6-0eb1beca,5/24/2024 13:08
aid-jp6-5cdaf743,5/24/2024 13:28
aid-jp6-6a9dd507,5/24/2024 14:13
aid-jp6-eafb6122,5/24/2024 14:16
aid-jp6-3b42ddf1,5/24/2024 14:40
aid-jp6-f29e9d2b,5/24/2024 14:55
aid-jp6-c84e3ad8,5/24/2024 15:13
aid-jp6-8f985bf1,5/24/2024 16:27
aid-jp6-ac5d33e9,5/24/2024 16:31
aid-jp6-d8718b71,5/24/2024 17:19
aid-jp6-74b62c5f,5/24/2024 18:51
aid-jp6-d0235f8a,5/24/2024 19:53
aid-jp6-4bb61d3e,5/24/2024 20:59
aid-jp6-5921e027,5/24/2024 21:15
aid-jp6-a6b3b8be,5/25/2024 6:00
aid-jp6-fa90d9e7,5/25/2024 6:00
aid-jp6-17968f3d,5/25/2024 6:05
aid-jp6-cddb6b3a,5/25/2024 6:05
aid-jp6-f19ca8bf,5/25/2024 9:19
aid-jp6-82e4a215,5/25/2024 12:59
aid-jp6-49ef610f,5/25/2024 13:35
aid-jp6-97572293,5/25/2024 13:35
aid-jp6-939e8f90,5/25/2024 13:40
aid-jp6-da7fd56d,5/25/2024 13:50
aid-jp6-450bf9ce,5/25/2024 14:13
aid-jp6-db6536e6,5/25/2024 14:56
aid-jp6-3452fd6f,5/25/2024 15:13
aid-jp6-23dca8d7,5/25/2024 16:34
aid-jp6-5043364f,5/25/2024 17:30
aid-jp6-2f43ed46,5/26/2024 6:05
aid-jp6-5c601484,5/26/2024 6:05
aid-jp6-916d84e5,5/26/2024 6:05
aid-jp6-2a75ef07,5/26/2024 7:44
aid-jp6-5e061a12,5/26/2024 8:17
aid-jp6-6c15c026,5/26/2024 8:37
aid-jp6-911e7e41,5/26/2024 9:19
aid-jp6-026d2654,5/26/2024 10:34
aid-jp6-8efdc3f1,5/26/2024 12:35
aid-jp6-e8e4d960,5/27/2024 6:04
aid-jp6-fe0e2135,5/27/2024 6:05
aid-jp6-6687c0ea,5/27/2024 6:06
aid-jp6-563dd57a,5/27/2024 21:05
aid-jp6-00e976c6,5/28/2024 6:04
aid-jp6-e149c144,5/28/2024 6:04
aid-jp6-f407111e,5/28/2024 6:04
aid-jp6-f885e4b8,5/28/2024 13:01
aid-jp6-3b30a398,5/28/2024 13:04
aid-jp6-d32a7bfd,5/28/2024 13:04
aid-jp6-ad8e66ee,5/28/2024 13:05
aid-jp6-b87fd927,5/28/2024 13:07
aid-jp6-e090bc4c,5/28/2024 13:47
aid-jp6-c5b37e1a,5/28/2024 13:51
aid-jp6-dcab9dcb,5/28/2024 13:53
aid-jp6-c08e63d6,5/28/2024 13:55
aid-jp6-e7153707,5/28/2024 13:59
aid-jp6-fb299b43,5/28/2024 14:02
aid-jp6-170c231b,5/28/2024 14:06
aid-jp6-afafc68b,5/28/2024 14:08
aid-jp6-bf0141b0,5/28/2024 14:10
aid-jp6-97ce09f8,5/28/2024 14:15
aid-jp6-3bd3c1ef,5/28/2024 14:17
aid-jp6-7e5dc315,5/28/2024 14:19
aid-jp6-6f6a1dde,5/28/2024 14:23
aid-jp6-3eb9e80f,5/28/2024 14:28
aid-jp6-799eb89c,5/28/2024 14:30
aid-jp6-fdc942bf,5/28/2024 14:40
aid-jp6-50642108,5/28/2024 16:20
aid-jp6-aaaa4d4f,5/28/2024 17:23
aid-jp6-284bc15f,5/29/2024 6:00
aid-jp6-b3adedbe,5/29/2024 6:01
aid-jp6-ec724dfc,5/29/2024 8:40
aid-jp6-c684e744,5/29/2024 9:20
aid-jp6-afe2fe79,5/29/2024 9:22
aid-jp6-b02a5826,5/29/2024 9:46
aid-jp6-b55fb18d,5/29/2024 13:38
aid-jp6-ea811912,5/29/2024 14:42
aid-jp6-a13b0822,5/29/2024 17:03
aid-jp6-287ecd0b,5/29/2024 19:04
aid-jp6-c999dacb,5/29/2024 19:36
aid-jp6-d7873051,5/30/2024 8:26
aid-jp6-577f5cce,5/30/2024 9:36
aid-jp6-017877f8,5/30/2024 11:29
aid-jp6-8d22ab4a,5/30/2024 13:02
aid-jp6-f40aad12,5/30/2024 14:34
aid-jp6-e2344663,5/30/2024 14:35
aid-jp6-afc766b0,5/30/2024 14:38
aid-jp6-0521792c,5/30/2024 14:47
aid-jp6-4efa9a0b,5/30/2024 14:49
aid-jp6-c0c96fc4,5/30/2024 14:51
aid-jp6-1a2e2f3c,5/30/2024 14:55
aid-jp6-d45683e3,5/30/2024 14:57
aid-jp6-7cc5a461,5/30/2024 16:48
aid-jp6-0d3bede1,5/30/2024 19:29
aid-jp6-054d9cab,5/30/2024 19:44
aid-jp6-cd4c93e1,5/30/2024 20:11
aid-jp6-1bbd54d9,5/30/2024 21:13
aid-jp6-f3665e5d,5/31/2024 8:17
aid-jp6-b3bc8d8f,5/31/2024 12:23
aid-jp6-4e3ff5c7,5/31/2024 14:25
aid-jp6-cad3b5ef,5/31/2024 14:25
aid-jp6-295913a0,5/31/2024 14:26
aid-jp6-a3eec058,5/31/2024 14:26
aid-jp6-3306af43,5/31/2024 14:28
aid-jp6-d05e2f64,5/31/2024 14:28
aid-jp6-f3878eab,5/31/2024 14:29
aid-jp6-4e4079cc,5/31/2024 14:31
aid-jp6-95f4cd57,5/31/2024 14:31
aid-jp6-ed178f7a,5/31/2024 14:32
aid-jp6-18465f33,5/31/2024 14:34
aid-jp6-b3e7267b,5/31/2024 14:35
aid-jp6-4dc5fc22,5/31/2024 14:38
aid-jp6-4bf0f638,5/31/2024 16:50
aid-jp6-36658080,5/31/2024 20:19
aid-jp6-f47a0281,5/31/2024 20:22
aid-jp6-6bde92c4,5/31/2024 21:28
aid-jp6-67c61823,6/1/2024 10:41
aid-jp6-da9114c1,6/1/2024 11:01
aid-jp6-32113706,6/1/2024 11:15
aid-jp6-97cdc577,6/1/2024 13:02
aid-jp6-d48ff5fb,6/1/2024 16:31
aid-jp6-fc15ebf3,6/1/2024 18:17
aid-jp6-41f360fa,6/1/2024 19:03
aid-jp6-314d34e5,6/1/2024 21:29
aid-jp6-d94fd28f,6/2/2024 2:14
aid-jp6-8a31c65e,6/2/2024 6:01
aid-jp6-a9a21d3a,6/2/2024 6:01
aid-jp6-c995e53e,6/2/2024 6:01
aid-jp6-d50e5793,6/2/2024 6:01
aid-jp6-2594c155,6/2/2024 6:02
aid-jp6-3def7bb3,6/2/2024 6:02
aid-jp6-bc698889,6/2/2024 6:02
aid-jp6-42939c7e,6/2/2024 6:03
aid-jp6-48d90550,6/2/2024 6:03
aid-jp6-908729a9,6/2/2024 6:04
aid-jp6-e95bb337,6/2/2024 6:04
aid-jp6-0050ed8e,6/2/2024 6:05
aid-jp6-b1b4d7f9,6/2/2024 6:05
aid-jp6-eb54e829,6/2/2024 6:05
aid-jp6-fa4997fe,6/2/2024 8:11
aid-jp6-283a9a24,6/2/2024 10:41
aid-jp6-1c83f09c,6/2/2024 19:18
aid-jp6-152cced5,6/3/2024 6:05
aid-jp6-32725c23,6/3/2024 6:05
aid-jp6-4f871b8c,6/3/2024 6:05
aid-jp6-9190be61,6/3/2024 6:05
aid-jp6-5c088623,6/3/2024 6:06
aid-jp6-c8d316aa,6/3/2024 9:10
aid-jp6-6d77605b,6/3/2024 12:29
aid-jp6-2399ed69,6/3/2024 12:30
aid-jp6-3fe48e4b,6/3/2024 12:30
aid-jp6-21817ea0,6/3/2024 14:59
aid-jp6-29429ada,6/3/2024 14:59
aid-jp6-b531d2f6,6/3/2024 15:33
aid-jp6-09b8eda4,6/3/2024 17:08
aid-jp6-8f825a72,6/3/2024 18:13
aid-jp6-485a26c5,6/3/2024 19:59
aid-jp6-587393d1,6/3/2024 20:22
aid-jp6-4366f483,3/8/2024 20:07
serialNumber,Reg date 
aid-jp6-b417fbf1,5/28/2024 14:43 
aid-rk30board-7t171mrw,3/18/2021 20:19 
aid-rk30board-5h0svm7t,3/1/2021 19:08 
aid-rk30board-gk1v3my6,5/18/2021 13:53 
aid-rk30board-a0vb7g5k,4/9/2021 15:15 
aid-rk30board-90snmy8f,4/9/2021 14:33 
aid-rk30board-7rf97wji,3/27/2021 10:16 
aid-jp6-74339150,6/3/2024 13:39 
aid-jp6-4bf87993,6/3/2024 13:29 
aid-jp6-b204c37d,6/3/2024 14:19 
aid-rk30board-hvj2xsa6,6/12/2021 21:11 
aid-jp6-89118b4b,6/3/2024 13:56 
aid-jp6-789269e5,6/3/2024 13:45 
aid-jp6-7e4b3d98,6/3/2024 13:54 
aid-jp6-6ec79c8b,6/3/2024 14:25 
aid-rk30board-jbcayutb,3/15/2021 10:58 
aid-rk30board-jyjunaf1,2/22/2021 9:21 
aid-rk30board-09i5pfsw,4/9/2021 14:57 
aid-rk30board-ypse7h81,3/16/2021 10:06 
aid-rk30board-6cy0kddr,1/12/2021 15:25 
aid-jp6-226d6fd7,6/3/2024 13:48 
aid-rk30board-ejda4y9n,3/20/2021 17:30 
aid-rk30board-j6f0uvdb,2/4/2021 13:57 
aid-rk30board-vpdwsbvh,4/14/2021 19:37 
aid-rk30board-14te1103,3/24/2021 21:06 
aid-rk30board-dbi2ib27,3/19/2021 19:36 
aid-rk30board-s0iuywgn,2/23/2021 20:50 
aid-rk30board-uba9w8cu,2/23/2021 16:46 
aid-rk30board-auwh37k4,2/12/2021 7:49 
aid-rk30board-3286bfwn,1/5/2021 19:24 
aid-rk30board-gd7a4bip,6/22/2021 12:39 
aid-rk30board-7w8vehup,5/30/2020 14:17 
aid-jp6-b35c06c2,6/3/2024 14:01 
aid-rk30board-np45x3mx,3/1/2021 19:26 
aid-rk30board-sttee7ac,11/20/2020 17:19 
aid-rk30board-nnd9fr39,4/9/2021 19:17 
aid-rk30board-y9e71x6m,4/4/2021 16:04 
aid-rk30board-ybn6des4,12/22/2020 10:42 
aid-jp6-bca30bfb,6/3/2024 17:04 
aid-jp6-d2a05f7c,6/3/2024 14:28 
aid-rk30board-xwweb36x,7/14/2021 15:41 
aid-rk30board-32iv6wgp,12/8/2020 10:54 
aid-rk30board-ymv086jb,12/29/2020 17:42 
aid-jp6-d5066f70,6/2/2024 6:06 
aid-rk30board-nh0ugxue,4/30/2021 17:22 
aid-rk30board-2e8vybk5,4/7/2021 10:35 
serialNumber,Reg date 
aid-rk30board-i7074hjk,2/14/2021 16:06 
aid-jp6-17f2baab,1/11/2024 13:03 
aid-jp6-87a07d4d,6/4/2024 13:38 
aid-jp6-d76d6b90,6/4/2024 13:58 
aid-jp6-19d73fbf,6/4/2024 14:07 
aid-jp6-ef6886be,6/4/2024 13:44 
aid-jp6-1c9889e1,6/4/2024 13:48 
serialNumber,Reg date 
serialNumber,Reg date 
aid-jp6-68f9edae,6/6/2024 12:58 
aid-jp6-634ad8d5,5/17/2024 6:03 
aid-jp6-03264aaf,6/6/2024 12:46 
aid-jp6-2a13d085,6/6/2024 13:29 
aid-jp6-12b6de92,6/6/2024 12:42 
aid-jp6-9b2ee72a,6/6/2024 12:49 
aid-jp6-c41f199a,6/6/2024 12:52 
aid-jp6-6aa04479,6/7/2024 10:43 
aid-jp6-bcf637b3,6/6/2024 12:53 
aid-jp6-91703564,6/6/2024 16:12 
aid-jp6-38cb043e,6/6/2024 12:46 
aid-jp6-9293d427,6/6/2024 12:56 
aid-jp6-d910c771,6/6/2024 12:54 
serialNumber,Reg date 
aid-jp6-e605fa46 
aid-jp6-45fc4015 
aid-jp6-4670ca0c 
aid-jp6-25e56301 
aid-jp6-7ac4193e 
aid-jp6-ab2f7c8c 
aid-jp6-ac8e8c17 
aid-jp6-55e5a843 
aid-jp6-ba4e7d50 
aid-jp6-b3d98742 
aid-jp6-f17d496e 
aid-jp6-fe10978a 
serialNumber,Reg date 
aid-jp6-e3590fe1,9/22/2021 16:16 
aid-jp6-b78db5ef,5/23/2024 14:42 
aid-jp6-12304458,5/17/2024 19:15 
aid-jp6-fb24edc3,6/4/2024 13:32 
aid-jp6-e605fa46,9/22/2021 16:16 
aid-jp6-6581ffa9,5/17/2024 13:55 
aid-jp6-4670ca0c,1/14/2024 19:12 
aid-jp6-b5479878,6/10/2024 13:48 
aid-jp6-25e56301,5/11/2024 6:05 
aid-jp6-7ac4193e,9/22/2021 16:16 
aid-jp6-ab2f7c8c,3/2/2024 3:05 
aid-jp6-55e5a843,4/8/2024 13:43 
aid-jp6-ba4e7d50,6/7/2024 13:25 
aid-jp6-b3d98742,6/9/2024 11:13 
aid-jp6-c64a890c,6/10/2024 13:54 
aid-jp6-16e0adb2,4/19/2024 16:45 
aid-jp6-88d81e52,6/10/2024 13:58 
aid-jp6-fe10978a,6/7/2024 17:09 
serialNumber,Reg date 
aid-jp6-f17d496e,6/11/2024 16:07 
aid-jp6-b314f108,6/11/2024 14:12 
aid-jp6-0a6d2ceb,5/31/2024 10:49 
serialNumber,Reg date 
aid-jp6-96593145,3/4/2024 15:03 
aid-jp6-6236545e,6/12/2024 19:00 
aid-jp6-f2947dec,8/4/2023 20:53 
serialNumber,Reg date 
aid-jp6-46406ca2,5/27/2024 6:03 
aid-jp6-240ae4db,6/13/2024 12:13 
aid-jp6-df30fe48,6/13/2024 10:19 
serialNumber,Reg date 
serialNumber,Reg date 
aid-jp6-b83b8a3b,5/22/2024 10:00 
aid-jp6-29143c93,6/18/2024 11:24 
aid-jp6-0ee2ffeb,6/17/2024 14:21 
aid-jp6-45aee675,6/17/2024 14:30 
serialNumber,Reg date 
aid-jp6-cabb2bd3,6/19/2024 17:19 
aid-jp6-75e0c9bb,6/19/2024 17:24 
serialNumber,Reg date 
serialNumber,Reg date 
aid-jp6-c2c1161d,6/20/2024 12:44 
aid-jp6-36adc9b3,6/20/2024 12:46 
aid-jp6-bbc02747,6/20/2024 12:50 
aid-jp6-4dfc821e,6/20/2024 12:48 
aid-jp6-014f7b8a,6/20/2024 15:36 
serialNumber,Reg date 
aid-jp6-fda1360f,4/17/2024 16:19 
aid-jp6-5777ed99,6/21/2024 15:13 
aid-jp6-6c78d74f,6/21/2024 13:53 
aid-jp6-4cfb38e1,6/21/2024 14:17 
aid-jp6-5f05621f,6/21/2024 19:09 
aid-jp6-db822313,6/21/2024 14:14 
aid-jp6-a81cf26c,6/21/2024 14:21 
aid-jp6-96e71e75,6/22/2024 19:35 
aid-jp6-02c4f360,6/21/2024 19:58 
aid-jp6-9383efc1,6/21/2024 13:42 
aid-jp6-e5c3022d,6/22/2024 8:31 
aid-jp6-9dd36333,6/22/2024 8:50 
aid-jp6-0c8e3108,6/21/2024 17:04 
aid-jp6-26499728,6/21/2024 13:50 
aid-jp6-c9c7e5c8,6/23/2024 12:55 
aid-jp6-861cdd85,6/21/2024 13:51 
aid-jp6-15e110aa,6/21/2024 14:19 
aid-jp6-57027382,6/23/2024 10:28 
aid-jp6-c400d618,6/21/2024 16:19 
aid-jp6-9c4d063b,6/21/2024 14:37 
aid-jp6-1ebdc1ef,6/21/2024 13:41 
aid-jp6-c88f07cc,6/21/2024 13:48 
aid-jp6-6d543f11,6/21/2024 17:26 
aid-jp6-36a54e0f,6/21/2024 16:54 
aid-jp6-b6074333,6/21/2024 13:52 
aid-jp6-a48ad924,6/21/2024 16:13 
aid-jp6-6f297d13,6/21/2024 14:16 
aid-jp6-89e615fe,6/21/2024 16:15 
aid-jp6-e95c95e0,6/21/2024 16:01 
aid-jp6-e5ef27ac,6/21/2024 16:32 
aid-jp6-b4c16e82,6/21/2024 16:33 
aid-jp6-826274db,6/21/2024 16:08 
aid-jp6-0d767c5e,6/21/2024 14:15 
aid-jp6-27a4c62c,6/21/2024 14:16 
aid-jp6-a3b27b31,6/21/2024 14:43 
aid-jp6-5d96fe8b,6/22/2024 8:29 
aid-jp6-058bd2e0,6/22/2024 15:47 
aid-jp6-9656f4d0,6/21/2024 13:56 
aid-jp6-83781e19,6/21/2024 13:59 
aid-jp6-a4b1ccb6,6/21/2024 14:09 
aid-jp6-6b054ba9,6/21/2024 15:45 
aid-jp6-71af884d,6/21/2024 15:34 
aid-jp6-db8f3762,6/21/2024 16:10 
aid-jp6-45fc4015,6/21/2024 14:44 
aid-jp6-2e9dd672,6/22/2024 7:59 
aid-jp6-ac8e8c17,6/21/2024 16:39 
aid-jp6-fe84cfc1,6/21/2024 13:43 
aid-jp6-4a3fc814,6/21/2024 13:59 
aid-jp6-3eaa922f,6/21/2024 16:40 
aid-jp6-c664f18f,6/21/2024 13:46 
aid-jp6-2b2b94cb,6/21/2024 13:52 
aid-jp6-f66d3d60,6/21/2024 13:54 
aid-jp6-261aa25f,6/21/2024 14:18 
aid-jp6-3c55ccfc,6/21/2024 14:04 
aid-jp6-6a48a700,6/21/2024 14:08 
aid-jp6-3bcade8e,6/21/2024 14:09 
aid-jp6-e092432b,6/22/2024 13:13 
aid-jp6-f514726d,6/22/2024 21:09 
aid-jp6-da45375b,6/23/2024 12:36 
aid-jp6-41c71f63,6/21/2024 15:47 
aid-jp6-55f9729d,6/21/2024 13:55 
aid-jp6-0ac3af2a,6/21/2024 13:44 
aid-jp6-b7dd9213,6/21/2024 16:21 
aid-jp6-6b391937,6/21/2024 13:37 
aid-jp6-6bc779cb,6/21/2024 15:52 
aid-jp6-522c5585,6/21/2024 16:53 
aid-jp6-b1bd5de0,6/21/2024 13:42 
aid-jp6-ce09f2a8,6/21/2024 14:10 
aid-jp6-494f73e1,6/21/2024 13:56 
aid-jp6-19258ff3,6/21/2024 16:43 
aid-jp6-bdb6dbe2,6/22/2024 9:29 
aid-jp6-369b37cf,6/21/2024 14:05 
aid-jp6-24456db5,6/21/2024 15:37 
aid-jp6-90e4f074,6/21/2024 13:53 
aid-jp6-96038d14,6/21/2024 16:58 
aid-jp6-8cc65cb1,6/21/2024 13:36 
aid-jp6-168bbbf6,6/21/2024 16:27 
aid-jp6-7982a56c,6/21/2024 16:25 
aid-jp6-f3a37b37,6/21/2024 14:03 
aid-jp6-731d8ea3,6/21/2024 13:49 
aid-jp6-e57401b8,6/21/2024 14:08 
aid-jp6-026f23e5,6/21/2024 13:57 
aid-jp6-7b33859f,6/21/2024 13:57 
aid-jp6-b03dad97,6/21/2024 14:42 
aid-jp6-aca8d0ec,6/21/2024 16:41 
aid-jp6-81378529,6/21/2024 14:21 
aid-jp6-c4d3e8ee,6/21/2024 14:39 
aid-jp6-5bcef920,6/21/2024 15:54 
aid-jp6-4b2cc16c,6/21/2024 13:55 
aid-jp6-e4a104d3,6/21/2024 13:39 
aid-jp6-2506ff7c,6/21/2024 14:15 
aid-jp6-494916d4,6/23/2024 8:42 
aid-jp6-caca61c8,6/21/2024 13:58 
aid-jp6-fa282e28,6/21/2024 16:39 
aid-jp6-c47883aa,6/21/2024 13:48 
aid-jp6-4bc07a0f,6/21/2024 14:13 
aid-jp6-72f99d60,6/21/2024 15:10 
aid-jp6-cfc6e5b6,6/21/2024 13:35 
aid-jp6-e1ff02f9,6/21/2024 14:02 
aid-jp6-48f5d0cd,6/21/2024 14:13 
serialNumber,Reg date 
serialNumber,Reg date 
aid-jp6-253cc126,6/24/2024 14:15 
aid-jp6-d57da909, 
aid-jp6-57282dc5,6/24/2024 15:21 
aid-jp6-2d6aae6c, 
aid-jp6-196d0311,6/24/2024 14:01 
aid-jp6-4a7fea81, 
aid-jp6-47e308e5,6/24/2024 13:41 
aid-jp6-fce8799b, 
serialNumber,Reg date 
